file,line,type,commit,author,date,time,timezone,datetime,depth,length
style.css,1,css,7bde7f1c,kala4678,2026-04-11,17:13:21,-07:00,2026-04-11T17:13:21-07:00,0,4
style.css,2,css,7bde7f1c,kala4678,2026-04-11,17:13:21,-07:00,2026-04-11T17:13:21-07:00,1,48
style.css,3,css,7bde7f1c,kala4678,2026-04-11,17:13:21,-07:00,2026-04-11T17:13:21-07:00,1,31
style.css,4,css,7bde7f1c,kala4678,2026-04-11,17:13:21,-07:00,2026-04-11T17:13:21-07:00,0,0
style.css,5,css,7bde7f1c,kala4678,2026-04-11,17:13:21,-07:00,2026-04-11T17:13:21-07:00,0,3
style.css,6,css,7bde7f1c,kala4678,2026-04-11,17:13:21,-07:00,2026-04-11T17:13:21-07:00,1,32
style.css,7,css,19f8bb83,kala4678,2026-04-18,18:16:32,-07:00,2026-04-18T18:16:32-07:00,1,23
style.css,8,css,7bde7f1c,kala4678,2026-04-11,17:13:21,-07:00,2026-04-11T17:13:21-07:00,0,0
style.css,9,css,c800e6f5,kala4678,2026-04-11,17:33:25,-07:00,2026-04-11T17:33:25-07:00,0,0
style.css,10,css,ea15b2f1,kala4678,2026-04-03,20:58:19,-07:00,2026-04-03T20:58:19-07:00,0,4
style.css,11,css,ea15b2f1,kala4678,2026-04-03,20:58:19,-07:00,2026-04-03T20:58:19-07:00,1,43
style.css,12,css,ea15b2f1,kala4678,2026-04-03,20:58:19,-07:00,2026-04-03T20:58:19-07:00,0,42
style.css,13,css,ea15b2f1,kala4678,2026-04-03,20:58:19,-07:00,2026-04-03T20:58:19-07:00,0,0
style.css,14,css,ea15b2f1,kala4678,2026-04-03,20:58:19,-07:00,2026-04-03T20:58:19-07:00,1,23
style.css,15,css,3e79184a,kala4678,2026-04-11,16:25:35,-07:00,2026-04-11T16:25:35-07:00,1,16
style.css,16,css,3e79184a,kala4678,2026-04-11,16:25:35,-07:00,2026-04-11T16:25:35-07:00,1,17
style.css,17,css,3e79184a,kala4678,2026-04-11,16:25:35,-07:00,2026-04-11T16:25:35-07:00,1,12
style.css,18,css,c800e6f5,kala4678,2026-04-11,17:33:25,-07:00,2026-04-11T17:33:25-07:00,0,0
style.css,19,css,b5d25bbf,kala4678,2026-04-11,16:34:24,-07:00,2026-04-11T16:34:24-07:00,1,3
style.css,20,css,b5d25bbf,kala4678,2026-04-11,16:34:24,-07:00,2026-04-11T16:34:24-07:00,1,12
style.css,21,css,7bde7f1c,kala4678,2026-04-11,17:13:21,-07:00,2026-04-11T17:13:21-07:00,1,18
style.css,22,css,7bde7f1c,kala4678,2026-04-11,17:13:21,-07:00,2026-04-11T17:13:21-07:00,1,41
style.css,23,css,19f8bb83,kala4678,2026-04-18,18:16:32,-07:00,2026-04-18T18:16:32-07:00,1,39
style.css,24,css,19f8bb83,kala4678,2026-04-18,18:16:32,-07:00,2026-04-18T18:16:32-07:00,0,0
style.css,25,css,b5d25bbf,kala4678,2026-04-11,16:34:24,-07:00,2026-04-11T16:34:24-07:00,0,0
style.css,26,css,b5d25bbf,kala4678,2026-04-11,16:34:24,-07:00,2026-04-11T16:34:24-07:00,0,0
style.css,27,css,b5d25bbf,kala4678,2026-04-11,16:34:24,-07:00,2026-04-11T16:34:24-07:00,0,35
style.css,28,css,b5d25bbf,kala4678,2026-04-11,16:34:24,-07:00,2026-04-11T16:34:24-07:00,0,5
style.css,29,css,b5d25bbf,kala4678,2026-04-11,16:34:24,-07:00,2026-04-11T16:34:24-07:00,1,6
style.css,30,css,7bde7f1c,kala4678,2026-04-11,17:13:21,-07:00,2026-04-11T17:13:21-07:00,1,13
style.css,31,css,b5d25bbf,kala4678,2026-04-11,16:34:24,-07:00,2026-04-11T16:34:24-07:00,1,17
style.css,32,css,b5d25bbf,kala4678,2026-04-11,16:34:24,-07:00,2026-04-11T16:34:24-07:00,1,20
style.css,33,css,b5d25bbf,kala4678,2026-04-11,16:34:24,-07:00,2026-04-11T16:34:24-07:00,1,14
style.css,34,css,7bde7f1c,kala4678,2026-04-11,17:13:21,-07:00,2026-04-11T17:13:21-07:00,1,0
style.css,35,css,b5d25bbf,kala4678,2026-04-11,16:34:24,-07:00,2026-04-11T16:34:24-07:00,0,0
style.css,36,css,b5d25bbf,kala4678,2026-04-11,16:34:24,-07:00,2026-04-11T16:34:24-07:00,0,0
style.css,37,css,b5d25bbf,kala4678,2026-04-11,16:34:24,-07:00,2026-04-11T16:34:24-07:00,0,22
style.css,38,css,b5d25bbf,kala4678,2026-04-11,16:34:24,-07:00,2026-04-11T16:34:24-07:00,0,13
style.css,39,css,b5d25bbf,kala4678,2026-04-11,16:34:24,-07:00,2026-04-11T16:34:24-07:00,1,16
style.css,40,css,7bde7f1c,kala4678,2026-04-11,17:13:21,-07:00,2026-04-11T17:13:21-07:00,1,42
style.css,41,css,7bde7f1c,kala4678,2026-04-11,17:13:21,-07:00,2026-04-11T17:13:21-07:00,1,20
style.css,42,css,7bde7f1c,kala4678,2026-04-11,17:13:21,-07:00,2026-04-11T17:13:21-07:00,0,0
style.css,43,css,7bde7f1c,kala4678,2026-04-11,17:13:21,-07:00,2026-04-11T17:13:21-07:00,0,10
style.css,44,css,7bde7f1c,kala4678,2026-04-11,17:13:21,-07:00,2026-04-11T17:13:21-07:00,1,44
style.css,45,css,7bde7f1c,kala4678,2026-04-11,17:13:21,-07:00,2026-04-11T17:13:21-07:00,1,20
style.css,46,css,19f8bb83,kala4678,2026-04-18,18:16:32,-07:00,2026-04-18T18:16:32-07:00,1,69
style.css,47,css,b5d25bbf,kala4678,2026-04-11,16:34:24,-07:00,2026-04-11T16:34:24-07:00,0,0
style.css,48,css,a8be475c,kala4678,2026-04-11,17:41:27,-07:00,2026-04-11T17:41:27-07:00,0,4
style.css,49,css,c800e6f5,kala4678,2026-04-11,17:33:25,-07:00,2026-04-11T17:33:25-07:00,1,12
style.css,50,css,a8be475c,kala4678,2026-04-11,17:41:27,-07:00,2026-04-11T17:41:27-07:00,1,30
style.css,51,css,a8be475c,kala4678,2026-04-11,17:41:27,-07:00,2026-04-11T17:41:27-07:00,1,7
style.css,52,css,c800e6f5,kala4678,2026-04-11,17:33:25,-07:00,2026-04-11T17:33:25-07:00,0,0
style.css,53,css,c800e6f5,kala4678,2026-04-11,17:33:25,-07:00,2026-04-11T17:33:25-07:00,0,0
style.css,54,css,a8be475c,kala4678,2026-04-11,17:41:27,-07:00,2026-04-11T17:41:27-07:00,0,31
style.css,55,css,a8be475c,kala4678,2026-04-11,17:41:27,-07:00,2026-04-11T17:41:27-07:00,0,4
style.css,56,css,a8be475c,kala4678,2026-04-11,17:41:27,-07:00,2026-04-11T17:41:27-07:00,0,8
style.css,57,css,a8be475c,kala4678,2026-04-11,17:41:27,-07:00,2026-04-11T17:41:27-07:00,1,10
style.css,58,css,a8be475c,kala4678,2026-04-11,17:41:27,-07:00,2026-04-11T17:41:27-07:00,1,21
style.css,59,css,a8be475c,kala4678,2026-04-11,17:41:27,-07:00,2026-04-11T17:41:27-07:00,0,0
style.css,60,css,a8be475c,kala4678,2026-04-11,17:41:27,-07:00,2026-04-11T17:41:27-07:00,0,22
style.css,61,css,a8be475c,kala4678,2026-04-11,17:41:27,-07:00,2026-04-11T17:41:27-07:00,1,12
style.css,62,css,a8be475c,kala4678,2026-04-11,17:41:27,-07:00,2026-04-11T17:41:27-07:00,0,0
style.css,63,css,a8be475c,kala4678,2026-04-11,17:41:27,-07:00,2026-04-11T17:41:27-07:00,0,29
style.css,64,css,a8be475c,kala4678,2026-04-11,17:41:27,-07:00,2026-04-11T17:41:27-07:00,0,5
style.css,65,css,9a653e68,kala4678,2026-04-11,17:46:02,-07:00,2026-04-11T17:46:02-07:00,1,11
style.css,66,css,a8be475c,kala4678,2026-04-11,17:41:27,-07:00,2026-04-11T17:41:27-07:00,1,29
style.css,67,css,a8be475c,kala4678,2026-04-11,17:41:27,-07:00,2026-04-11T17:41:27-07:00,1,18
style.css,68,css,a8be475c,kala4678,2026-04-11,17:41:27,-07:00,2026-04-11T17:41:27-07:00,0,0
style.css,69,css,a8be475c,kala4678,2026-04-11,17:41:27,-07:00,2026-04-11T17:41:27-07:00,0,5
style.css,70,css,a8be475c,kala4678,2026-04-11,17:41:27,-07:00,2026-04-11T17:41:27-07:00,1,18
style.css,71,css,a8be475c,kala4678,2026-04-11,17:41:27,-07:00,2026-04-11T17:41:27-07:00,0,0
style.css,72,css,71dcb952,kala4678,2026-04-11,19:10:58,-07:00,2026-04-11T19:10:58-07:00,0,9
style.css,73,css,71dcb952,kala4678,2026-04-11,19:10:58,-07:00,2026-04-11T19:10:58-07:00,1,12
style.css,74,css,71dcb952,kala4678,2026-04-11,19:10:58,-07:00,2026-04-11T19:10:58-07:00,1,58
style.css,75,css,71dcb952,kala4678,2026-04-11,19:10:58,-07:00,2026-04-11T19:10:58-07:00,1,8
style.css,76,css,71dcb952,kala4678,2026-04-11,19:10:58,-07:00,2026-04-11T19:10:58-07:00,0,0
style.css,77,css,71dcb952,kala4678,2026-04-11,19:10:58,-07:00,2026-04-11T19:10:58-07:00,0,42
style.css,78,css,71dcb952,kala4678,2026-04-11,19:10:58,-07:00,2026-04-11T19:10:58-07:00,0,17
style.css,79,css,71dcb952,kala4678,2026-04-11,19:10:58,-07:00,2026-04-11T19:10:58-07:00,1,12
style.css,80,css,71dcb952,kala4678,2026-04-11,19:10:58,-07:00,2026-04-11T19:10:58-07:00,1,26
style.css,81,css,71dcb952,kala4678,2026-04-11,19:10:58,-07:00,2026-04-11T19:10:58-07:00,1,15
style.css,82,css,71dcb952,kala4678,2026-04-11,19:10:58,-07:00,2026-04-11T19:10:58-07:00,1,7
style.css,83,css,71dcb952,kala4678,2026-04-11,19:10:58,-07:00,2026-04-11T19:10:58-07:00,0,0
style.css,84,css,71dcb952,kala4678,2026-04-11,19:10:58,-07:00,2026-04-11T19:10:58-07:00,0,0
style.css,85,css,71dcb952,kala4678,2026-04-11,19:10:58,-07:00,2026-04-11T19:10:58-07:00,0,23
style.css,86,css,71dcb952,kala4678,2026-04-11,19:10:58,-07:00,2026-04-11T19:10:58-07:00,0,12
style.css,87,css,71dcb952,kala4678,2026-04-11,19:10:58,-07:00,2026-04-11T19:10:58-07:00,1,8
style.css,88,css,71dcb952,kala4678,2026-04-11,19:10:58,-07:00,2026-04-11T19:10:58-07:00,0,0
style.css,89,css,71dcb952,kala4678,2026-04-11,19:10:58,-07:00,2026-04-11T19:10:58-07:00,0,23
style.css,90,css,71dcb952,kala4678,2026-04-11,19:10:58,-07:00,2026-04-11T19:10:58-07:00,0,2
style.css,91,css,71dcb952,kala4678,2026-04-11,19:10:58,-07:00,2026-04-11T19:10:58-07:00,1,14
style.css,92,css,71dcb952,kala4678,2026-04-11,19:10:58,-07:00,2026-04-11T19:10:58-07:00,0,0
style.css,93,css,71dcb952,kala4678,2026-04-11,19:10:58,-07:00,2026-04-11T19:10:58-07:00,0,0
style.css,94,css,71dcb952,kala4678,2026-04-11,19:10:58,-07:00,2026-04-11T19:10:58-07:00,0,39
style.css,95,css,71dcb952,kala4678,2026-04-11,19:10:58,-07:00,2026-04-11T19:10:58-07:00,0,22
style.css,96,css,71dcb952,kala4678,2026-04-11,19:10:58,-07:00,2026-04-11T19:10:58-07:00,1,15
style.css,97,css,71dcb952,kala4678,2026-04-11,19:10:58,-07:00,2026-04-11T19:10:58-07:00,1,17
style.css,98,css,71dcb952,kala4678,2026-04-11,19:10:58,-07:00,2026-04-11T19:10:58-07:00,0,0
style.css,99,css,4300f6f9,kala4678,2026-04-11,19:33:22,-07:00,2026-04-11T19:33:22-07:00,0,14
style.css,100,css,4300f6f9,kala4678,2026-04-11,19:33:22,-07:00,2026-04-11T19:33:22-07:00,1,12
style.css,101,css,4300f6f9,kala4678,2026-04-11,19:33:22,-07:00,2026-04-11T19:33:22-07:00,1,29
style.css,102,css,4300f6f9,kala4678,2026-04-11,19:33:22,-07:00,2026-04-11T19:33:22-07:00,1,22
style.css,103,css,4300f6f9,kala4678,2026-04-11,19:33:22,-07:00,2026-04-11T19:33:22-07:00,1,8
style.css,104,css,4300f6f9,kala4678,2026-04-11,19:33:22,-07:00,2026-04-11T19:33:22-07:00,0,0
style.css,105,css,4300f6f9,kala4678,2026-04-11,19:33:22,-07:00,2026-04-11T19:33:22-07:00,0,0
style.css,106,css,4300f6f9,kala4678,2026-04-11,19:33:22,-07:00,2026-04-11T19:33:22-07:00,0,16
style.css,107,css,4300f6f9,kala4678,2026-04-11,19:33:22,-07:00,2026-04-11T19:33:22-07:00,1,8
style.css,108,css,4300f6f9,kala4678,2026-04-11,19:33:22,-07:00,2026-04-11T19:33:22-07:00,0,0
style.css,109,css,4300f6f9,kala4678,2026-04-11,19:33:22,-07:00,2026-04-11T19:33:22-07:00,0,0
style.css,110,css,4300f6f9,kala4678,2026-04-11,19:33:22,-07:00,2026-04-11T19:33:22-07:00,0,12
style.css,111,css,4300f6f9,kala4678,2026-04-11,19:33:22,-07:00,2026-04-11T19:33:22-07:00,1,16
style.css,112,css,4300f6f9,kala4678,2026-04-11,19:33:22,-07:00,2026-04-11T19:33:22-07:00,1,18
style.css,113,css,4300f6f9,kala4678,2026-04-11,19:33:22,-07:00,2026-04-11T19:33:22-07:00,0,0
style.css,114,css,4300f6f9,kala4678,2026-04-11,19:33:22,-07:00,2026-04-11T19:33:22-07:00,0,0
style.css,115,css,4300f6f9,kala4678,2026-04-11,19:33:22,-07:00,2026-04-11T19:33:22-07:00,0,12
style.css,116,css,4300f6f9,kala4678,2026-04-11,19:33:22,-07:00,2026-04-11T19:33:22-07:00,1,20
style.css,117,css,4300f6f9,kala4678,2026-04-11,19:33:22,-07:00,2026-04-11T19:33:22-07:00,0,0
style.css,118,css,4300f6f9,kala4678,2026-04-11,19:33:22,-07:00,2026-04-11T19:33:22-07:00,0,0
style.css,119,css,4300f6f9,kala4678,2026-04-11,19:33:22,-07:00,2026-04-11T19:33:22-07:00,0,9
style.css,120,css,4300f6f9,kala4678,2026-04-11,19:33:22,-07:00,2026-04-11T19:33:22-07:00,1,20
style.css,121,css,4300f6f9,kala4678,2026-04-11,19:33:22,-07:00,2026-04-11T19:33:22-07:00,0,0
style.css,122,css,4300f6f9,kala4678,2026-04-11,19:33:22,-07:00,2026-04-11T19:33:22-07:00,0,0
style.css,123,css,4300f6f9,kala4678,2026-04-11,19:33:22,-07:00,2026-04-11T19:33:22-07:00,0,10
style.css,124,css,4300f6f9,kala4678,2026-04-11,19:33:22,-07:00,2026-04-11T19:33:22-07:00,0,10
style.css,125,css,4300f6f9,kala4678,2026-04-11,19:33:22,-07:00,2026-04-11T19:33:22-07:00,1,18
style.css,126,css,4300f6f9,kala4678,2026-04-11,19:33:22,-07:00,2026-04-11T19:33:22-07:00,0,0
style.css,127,css,4300f6f9,kala4678,2026-04-11,19:33:22,-07:00,2026-04-11T19:33:22-07:00,0,0
style.css,128,css,4300f6f9,kala4678,2026-04-11,19:33:22,-07:00,2026-04-11T19:33:22-07:00,0,2
style.css,129,css,4300f6f9,kala4678,2026-04-11,19:33:22,-07:00,2026-04-11T19:33:22-07:00,1,26
style.css,130,css,4300f6f9,kala4678,2026-04-11,19:33:22,-07:00,2026-04-11T19:33:22-07:00,0,0
style.css,131,css,4300f6f9,kala4678,2026-04-11,19:33:22,-07:00,2026-04-11T19:33:22-07:00,0,0
style.css,132,css,4300f6f9,kala4678,2026-04-11,19:33:22,-07:00,2026-04-11T19:33:22-07:00,0,2
style.css,133,css,4300f6f9,kala4678,2026-04-11,19:33:22,-07:00,2026-04-11T19:33:22-07:00,1,21
style.css,134,css,4300f6f9,kala4678,2026-04-11,19:33:22,-07:00,2026-04-11T19:33:22-07:00,0,0
style.css,135,css,4896509b,kala4678,2026-04-18,18:18:05,-07:00,2026-04-18T18:18:05-07:00,0,13
style.css,136,css,4896509b,kala4678,2026-04-18,18:18:05,-07:00,2026-04-18T18:18:05-07:00,1,17
style.css,137,css,4896509b,kala4678,2026-04-18,18:18:05,-07:00,2026-04-18T18:18:05-07:00,1,8
style.css,138,css,4896509b,kala4678,2026-04-18,18:18:05,-07:00,2026-04-18T18:18:05-07:00,1,10
style.css,139,css,c9eab770,kala4678,2026-04-18,18:25:35,-07:00,2026-04-18T18:25:35-07:00,1,16
style.css,140,css,c9eab770,kala4678,2026-04-18,18:25:35,-07:00,2026-04-18T18:25:35-07:00,0,0
style.css,141,css,c9eab770,kala4678,2026-04-18,18:25:35,-07:00,2026-04-18T18:25:35-07:00,0,20
style.css,142,css,c9eab770,kala4678,2026-04-18,18:25:35,-07:00,2026-04-18T18:25:35-07:00,1,16
style.css,143,css,c9eab770,kala4678,2026-04-18,18:25:35,-07:00,2026-04-18T18:25:35-07:00,1,21
style.css,144,css,c9eab770,kala4678,2026-04-18,18:25:35,-07:00,2026-04-18T18:25:35-07:00,1,11
style.css,145,css,4896509b,kala4678,2026-04-18,18:18:05,-07:00,2026-04-18T18:18:05-07:00,0,0
style.css,146,css,68297e1b,kala4678,2026-04-24,17:40:56,-07:00,2026-04-24T17:40:56-07:00,0,17
style.css,147,css,68297e1b,kala4678,2026-04-24,17:40:56,-07:00,2026-04-24T17:40:56-07:00,1,12
style.css,148,css,68297e1b,kala4678,2026-04-24,17:40:56,-07:00,2026-04-24T17:40:56-07:00,1,36
style.css,149,css,68297e1b,kala4678,2026-04-24,17:40:56,-07:00,2026-04-24T17:40:56-07:00,1,8
style.css,150,css,68297e1b,kala4678,2026-04-24,17:40:56,-07:00,2026-04-24T17:40:56-07:00,1,17
style.css,151,css,68297e1b,kala4678,2026-04-24,17:40:56,-07:00,2026-04-24T17:40:56-07:00,0,0
style.css,152,css,68297e1b,kala4678,2026-04-24,17:40:56,-07:00,2026-04-24T17:40:56-07:00,0,0
style.css,153,css,68297e1b,kala4678,2026-04-24,17:40:56,-07:00,2026-04-24T17:40:56-07:00,0,17
style.css,154,css,68297e1b,kala4678,2026-04-24,17:40:56,-07:00,2026-04-24T17:40:56-07:00,1,10
style.css,155,css,68297e1b,kala4678,2026-04-24,17:40:56,-07:00,2026-04-24T17:40:56-07:00,1,10
style.css,156,css,68297e1b,kala4678,2026-04-24,17:40:56,-07:00,2026-04-24T17:40:56-07:00,1,24
style.css,157,css,68297e1b,kala4678,2026-04-24,17:40:56,-07:00,2026-04-24T17:40:56-07:00,1,16
style.css,158,css,68297e1b,kala4678,2026-04-24,17:40:56,-07:00,2026-04-24T17:40:56-07:00,0,0
style.css,159,css,68297e1b,kala4678,2026-04-24,17:40:56,-07:00,2026-04-24T17:40:56-07:00,0,0
style.css,160,css,68297e1b,kala4678,2026-04-24,17:40:56,-07:00,2026-04-24T17:40:56-07:00,0,17
style.css,161,css,68297e1b,kala4678,2026-04-24,17:40:56,-07:00,2026-04-24T17:40:56-07:00,1,10
style.css,162,css,68297e1b,kala4678,2026-04-24,17:40:56,-07:00,2026-04-24T17:40:56-07:00,1,8
style.css,163,css,68297e1b,kala4678,2026-04-24,17:40:56,-07:00,2026-04-24T17:40:56-07:00,1,16
style.css,164,css,68297e1b,kala4678,2026-04-24,17:40:56,-07:00,2026-04-24T17:40:56-07:00,0,0
style.css,165,css,f78652ee,kala4678,2026-05-01,22:41:10,-07:00,2026-05-01T22:41:10-07:00,0,13
style.css,166,css,f78652ee,kala4678,2026-05-01,22:41:10,-07:00,2026-05-01T22:41:10-07:00,1,10
style.css,167,css,f78652ee,kala4678,2026-05-01,22:41:10,-07:00,2026-05-01T22:41:10-07:00,1,30
style.css,168,css,f78652ee,kala4678,2026-05-01,22:41:10,-07:00,2026-05-01T22:41:10-07:00,1,34
style.css,169,css,f78652ee,kala4678,2026-05-01,22:41:10,-07:00,2026-05-01T22:41:10-07:00,1,16
style.css,170,css,f78652ee,kala4678,2026-05-01,22:41:10,-07:00,2026-05-01T22:41:10-07:00,0,0
style.css,171,css,6162be7a,kala4678,2026-05-01,22:55:42,-07:00,2026-05-01T22:55:42-07:00,0,18
style.css,172,css,6162be7a,kala4678,2026-05-01,22:55:42,-07:00,2026-05-01T22:55:42-07:00,1,14
style.css,173,css,6162be7a,kala4678,2026-05-01,22:55:42,-07:00,2026-05-01T22:55:42-07:00,1,16
style.css,174,css,6162be7a,kala4678,2026-05-01,22:55:42,-07:00,2026-05-01T22:55:42-07:00,1,16
style.css,175,css,6162be7a,kala4678,2026-05-01,22:55:42,-07:00,2026-05-01T22:55:42-07:00,0,0
style.css,176,css,c800e6f5,kala4678,2026-04-11,17:33:25,-07:00,2026-04-11T17:33:25-07:00,0,0
style.css,177,css,74056048,kala4678,2026-05-01,23:09:35,-07:00,2026-05-01T23:09:35-07:00,0,18
style.css,178,css,74056048,kala4678,2026-05-01,23:09:35,-07:00,2026-05-01T23:09:35-07:00,1,14
style.css,179,css,74056048,kala4678,2026-05-01,23:09:35,-07:00,2026-05-01T23:09:35-07:00,1,16
style.css,180,css,74056048,kala4678,2026-05-01,23:09:35,-07:00,2026-05-01T23:09:35-07:00,1,16
style.css,181,css,74056048,kala4678,2026-05-01,23:09:35,-07:00,2026-05-01T23:09:35-07:00,0,0
style.css,182,css,74056048,kala4678,2026-05-01,23:09:35,-07:00,2026-05-01T23:09:35-07:00,0,0
style.css,183,css,74056048,kala4678,2026-05-01,23:09:35,-07:00,2026-05-01T23:09:35-07:00,0,10
style.css,184,css,74056048,kala4678,2026-05-01,23:09:35,-07:00,2026-05-01T23:09:35-07:00,1,12
style.css,185,css,74056048,kala4678,2026-05-01,23:09:35,-07:00,2026-05-01T23:09:35-07:00,1,18
style.css,186,css,74056048,kala4678,2026-05-01,23:09:35,-07:00,2026-05-01T23:09:35-07:00,1,7
style.css,187,css,74056048,kala4678,2026-05-01,23:09:35,-07:00,2026-05-01T23:09:35-07:00,0,0
style.css,188,css,74056048,kala4678,2026-05-01,23:09:35,-07:00,2026-05-01T23:09:35-07:00,0,0
style.css,189,css,74056048,kala4678,2026-05-01,23:09:35,-07:00,2026-05-01T23:09:35-07:00,0,7
style.css,190,css,74056048,kala4678,2026-05-01,23:09:35,-07:00,2026-05-01T23:09:35-07:00,1,12
style.css,191,css,74056048,kala4678,2026-05-01,23:09:35,-07:00,2026-05-01T23:09:35-07:00,1,57
style.css,192,css,74056048,kala4678,2026-05-01,23:09:35,-07:00,2026-05-01T23:09:35-07:00,1,7
style.css,193,css,74056048,kala4678,2026-05-01,23:09:35,-07:00,2026-05-01T23:09:35-07:00,1,21
style.css,194,css,74056048,kala4678,2026-05-01,23:09:35,-07:00,2026-05-01T23:09:35-07:00,1,11
style.css,195,css,74056048,kala4678,2026-05-01,23:09:35,-07:00,2026-05-01T23:09:35-07:00,1,12
style.css,196,css,74056048,kala4678,2026-05-01,23:09:35,-07:00,2026-05-01T23:09:35-07:00,1,6
style.css,197,css,74056048,kala4678,2026-05-01,23:09:35,-07:00,2026-05-01T23:09:35-07:00,1,15
style.css,198,css,74056048,kala4678,2026-05-01,23:09:35,-07:00,2026-05-01T23:09:35-07:00,0,0
style.css,199,css,74056048,kala4678,2026-05-01,23:09:35,-07:00,2026-05-01T23:09:35-07:00,0,0
style.css,200,css,74056048,kala4678,2026-05-01,23:09:35,-07:00,2026-05-01T23:09:35-07:00,0,12
style.css,201,css,74056048,kala4678,2026-05-01,23:09:35,-07:00,2026-05-01T23:09:35-07:00,1,12
style.css,202,css,74056048,kala4678,2026-05-01,23:09:35,-07:00,2026-05-01T23:09:35-07:00,1,18
style.css,203,css,74056048,kala4678,2026-05-01,23:09:35,-07:00,2026-05-01T23:09:35-07:00,1,9
style.css,204,css,74056048,kala4678,2026-05-01,23:09:35,-07:00,2026-05-01T23:09:35-07:00,0,0
style.css,205,css,74056048,kala4678,2026-05-01,23:09:35,-07:00,2026-05-01T23:09:35-07:00,0,0
style.css,206,css,74056048,kala4678,2026-05-01,23:09:35,-07:00,2026-05-01T23:09:35-07:00,0,7
style.css,207,css,74056048,kala4678,2026-05-01,23:09:35,-07:00,2026-05-01T23:09:35-07:00,1,20
style.css,208,css,74056048,kala4678,2026-05-01,23:09:35,-07:00,2026-05-01T23:09:35-07:00,1,9
style.css,209,css,74056048,kala4678,2026-05-01,23:09:35,-07:00,2026-05-01T23:09:35-07:00,1,18
style.css,210,css,74056048,kala4678,2026-05-01,23:09:35,-07:00,2026-05-01T23:09:35-07:00,1,17
style.css,211,css,74056048,kala4678,2026-05-01,23:09:35,-07:00,2026-05-01T23:09:35-07:00,1,29
style.css,212,css,74056048,kala4678,2026-05-01,23:09:35,-07:00,2026-05-01T23:09:35-07:00,0,0
style.css,213,css,f05642ab,kala4678,2026-05-01,23:19:12,-07:00,2026-05-01T23:19:12-07:00,0,22
style.css,214,css,f05642ab,kala4678,2026-05-01,23:19:12,-07:00,2026-05-01T23:19:12-07:00,0,3
style.css,215,css,f05642ab,kala4678,2026-05-01,23:19:12,-07:00,2026-05-01T23:19:12-07:00,1,17
style.css,216,css,f05642ab,kala4678,2026-05-01,23:19:12,-07:00,2026-05-01T23:19:12-07:00,2,16
style.css,217,css,f05642ab,kala4678,2026-05-01,23:19:12,-07:00,2026-05-01T23:19:12-07:00,3,11
style.css,218,css,f05642ab,kala4678,2026-05-01,23:19:12,-07:00,2026-05-01T23:19:12-07:00,2,0
style.css,219,css,f05642ab,kala4678,2026-05-01,23:19:12,-07:00,2026-05-01T23:19:12-07:00,1,0
style.css,220,css,f05642ab,kala4678,2026-05-01,23:19:12,-07:00,2026-05-01T23:19:12-07:00,0,0
style.css,221,css,f05642ab,kala4678,2026-05-01,23:19:12,-07:00,2026-05-01T23:19:12-07:00,0,0
style.css,222,css,f05642ab,kala4678,2026-05-01,23:19:12,-07:00,2026-05-01T23:19:12-07:00,0,4
style.css,223,css,f05642ab,kala4678,2026-05-01,23:19:12,-07:00,2026-05-01T23:19:12-07:00,1,16
style.css,224,css,f05642ab,kala4678,2026-05-01,23:19:12,-07:00,2026-05-01T23:19:12-07:00,1,14
style.css,225,css,f05642ab,kala4678,2026-05-01,23:19:12,-07:00,2026-05-01T23:19:12-07:00,0,0
style.css,226,css,f05642ab,kala4678,2026-05-01,23:19:12,-07:00,2026-05-01T23:19:12-07:00,0,0
style.css,227,css,f05642ab,kala4678,2026-05-01,23:19:12,-07:00,2026-05-01T23:19:12-07:00,0,30
style.css,228,css,f05642ab,kala4678,2026-05-01,23:19:12,-07:00,2026-05-01T23:19:12-07:00,0,9
style.css,229,css,f05642ab,kala4678,2026-05-01,23:19:12,-07:00,2026-05-01T23:19:12-07:00,1,35
style.css,230,css,f05642ab,kala4678,2026-05-01,23:19:12,-07:00,2026-05-01T23:19:12-07:00,0,0
style.css,231,css,f05642ab,kala4678,2026-05-01,23:19:12,-07:00,2026-05-01T23:19:12-07:00,1,10
style.css,232,css,f05642ab,kala4678,2026-05-01,23:19:12,-07:00,2026-05-01T23:19:12-07:00,2,17
style.css,233,css,f05642ab,kala4678,2026-05-01,23:19:12,-07:00,2026-05-01T23:19:12-07:00,1,0
style.css,234,css,f05642ab,kala4678,2026-05-01,23:19:12,-07:00,2026-05-01T23:19:12-07:00,0,0
style.css,235,css,74056048,kala4678,2026-05-01,23:09:35,-07:00,2026-05-01T23:09:35-07:00,0,0
index.js,1,js,a866bad0,kala4678,2026-04-24,17:34:17,-07:00,2026-04-24T17:34:17-07:00,0,71
index.js,2,js,a866bad0,kala4678,2026-04-24,17:34:17,-07:00,2026-04-24T17:34:17-07:00,0,0
index.js,3,js,98829b29,kala4678,2026-04-24,17:29:56,-07:00,2026-04-24T17:29:56-07:00,0,54
index.js,4,js,98829b29,kala4678,2026-04-24,17:29:56,-07:00,2026-04-24T17:29:56-07:00,0,42
index.js,5,js,a866bad0,kala4678,2026-04-24,17:34:17,-07:00,2026-04-24T17:34:17-07:00,0,0
index.js,6,js,98829b29,kala4678,2026-04-24,17:29:56,-07:00,2026-04-24T17:29:56-07:00,0,60
index.js,7,js,98829b29,kala4678,2026-04-24,17:29:56,-07:00,2026-04-24T17:29:56-07:00,0,54
index.js,8,js,a866bad0,kala4678,2026-04-24,17:34:17,-07:00,2026-04-24T17:34:17-07:00,0,0
index.js,9,js,a866bad0,kala4678,2026-04-24,17:34:17,-07:00,2026-04-24T17:34:17-07:00,0,51
index.js,10,js,98829b29,kala4678,2026-04-24,17:29:56,-07:00,2026-04-24T17:29:56-07:00,0,0
index.js,11,js,98829b29,kala4678,2026-04-24,17:29:56,-07:00,2026-04-24T17:29:56-07:00,0,60
index.js,12,js,98829b29,kala4678,2026-04-24,17:29:56,-07:00,2026-04-24T17:29:56-07:00,0,0
index.js,13,js,98829b29,kala4678,2026-04-24,17:29:56,-07:00,2026-04-24T17:29:56-07:00,0,17
index.js,14,js,98829b29,kala4678,2026-04-24,17:29:56,-07:00,2026-04-24T17:29:56-07:00,1,24
index.js,15,js,98829b29,kala4678,2026-04-24,17:29:56,-07:00,2026-04-24T17:29:56-07:00,2,2
index.js,16,js,68297e1b,kala4678,2026-04-24,17:40:56,-07:00,2026-04-24T17:40:56-07:00,3,48
index.js,17,js,68297e1b,kala4678,2026-04-24,17:40:56,-07:00,2026-04-24T17:40:56-07:00,3,48
index.js,18,js,68297e1b,kala4678,2026-04-24,17:40:56,-07:00,2026-04-24T17:40:56-07:00,3,54
index.js,19,js,68297e1b,kala4678,2026-04-24,17:40:56,-07:00,2026-04-24T17:40:56-07:00,3,54
index.js,20,js,98829b29,kala4678,2026-04-24,17:29:56,-07:00,2026-04-24T17:29:56-07:00,2,3
index.js,21,js,98829b29,kala4678,2026-04-24,17:29:56,-07:00,2026-04-24T17:29:56-07:00,1,0
index.js,22,js,98829b29,kala4678,2026-04-24,17:29:56,-07:00,2026-04-24T17:29:56-07:00,0,0
index.html,1,html,9edc79db,kala4678,2026-04-03,17:47:31,-07:00,2026-04-03T17:47:31-07:00,0,13
index.html,2,html,9edc79db,kala4678,2026-04-03,17:47:31,-07:00,2026-04-03T17:47:31-07:00,0,14
index.html,3,html,9edc79db,kala4678,2026-04-03,17:47:31,-07:00,2026-04-03T17:47:31-07:00,0,4
index.html,4,html,9edc79db,kala4678,2026-04-03,17:47:31,-07:00,2026-04-03T17:47:31-07:00,2,20
index.html,5,html,9edc79db,kala4678,2026-04-03,17:47:31,-07:00,2026-04-03T17:47:31-07:00,2,68
index.html,6,html,9edc79db,kala4678,2026-04-03,17:47:31,-07:00,2026-04-03T17:47:31-07:00,2,53
index.html,7,html,ea15b2f1,kala4678,2026-04-03,20:58:19,-07:00,2026-04-03T20:58:19-07:00,2,38
index.html,8,html,775c545b,kala4678,2026-04-18,16:54:28,-07:00,2026-04-18T16:54:28-07:00,2,45
index.html,9,html,98829b29,kala4678,2026-04-24,17:29:56,-07:00,2026-04-24T17:29:56-07:00,2,44
index.html,10,html,9edc79db,kala4678,2026-04-03,17:47:31,-07:00,2026-04-03T17:47:31-07:00,0,5
index.html,11,html,9edc79db,kala4678,2026-04-03,17:47:31,-07:00,2026-04-03T17:47:31-07:00,0,4
index.html,12,html,98829b29,kala4678,2026-04-24,17:29:56,-07:00,2026-04-24T17:29:56-07:00,2,0
index.html,13,html,fcc4eee1,kala4678,2026-04-03,20:06:32,-07:00,2026-04-03T20:06:32-07:00,0,0
index.html,14,html,fcc4eee1,kala4678,2026-04-03,20:06:32,-07:00,2026-04-03T20:06:32-07:00,2,18
index.html,15,html,98829b29,kala4678,2026-04-24,17:29:56,-07:00,2026-04-24T17:29:56-07:00,2,22
index.html,16,html,98829b29,kala4678,2026-04-24,17:29:56,-07:00,2026-04-24T17:29:56-07:00,2,20
index.html,17,html,98829b29,kala4678,2026-04-24,17:29:56,-07:00,2026-04-24T17:29:56-07:00,2,49
index.html,18,html,98829b29,kala4678,2026-04-24,17:29:56,-07:00,2026-04-24T17:29:56-07:00,2,4
index.html,19,html,fcc4eee1,kala4678,2026-04-03,20:06:32,-07:00,2026-04-03T20:06:32-07:00,0,0
index.html,20,html,05f1e564,kala4678,2026-04-03,21:24:48,-07:00,2026-04-03T21:24:48-07:00,2,58
index.html,21,html,fcc4eee1,kala4678,2026-04-03,20:06:32,-07:00,2026-04-03T20:06:32-07:00,0,0
index.html,22,html,fcc4eee1,kala4678,2026-04-03,20:06:32,-07:00,2026-04-03T20:06:32-07:00,2,119
index.html,23,html,98829b29,kala4678,2026-04-24,17:29:56,-07:00,2026-04-24T17:29:56-07:00,2,19
index.html,24,html,98829b29,kala4678,2026-04-24,17:29:56,-07:00,2026-04-24T17:29:56-07:00,2,28
index.html,25,html,fcc4eee1,kala4678,2026-04-03,20:06:32,-07:00,2026-04-03T20:06:32-07:00,0,0
index.html,26,html,9edc79db,kala4678,2026-04-03,17:47:31,-07:00,2026-04-03T17:47:31-07:00,0,5
index.html,27,html,9edc79db,kala4678,2026-04-03,17:47:31,-07:00,2026-04-03T17:47:31-07:00,0,5
global.js,1,js,775c545b,kala4678,2026-04-18,16:54:28,-07:00,2026-04-18T16:54:28-07:00,0,25
global.js,2,js,775c545b,kala4678,2026-04-18,16:54:28,-07:00,2026-04-18T16:54:28-07:00,0,0
global.js,3,js,775c545b,kala4678,2026-04-18,16:54:28,-07:00,2026-04-18T16:54:28-07:00,0,41
global.js,4,js,775c545b,kala4678,2026-04-18,16:54:28,-07:00,2026-04-18T16:54:28-07:00,1,52
global.js,5,js,35ebac1b,kala4678,2026-04-18,17:23:14,-07:00,2026-04-18T17:23:14-07:00,0,0
global.js,6,js,35ebac1b,kala4678,2026-04-18,17:23:14,-07:00,2026-04-18T17:23:14-07:00,0,74
global.js,7,js,35ebac1b,kala4678,2026-04-18,17:23:14,-07:00,2026-04-18T17:23:14-07:00,0,29
global.js,8,js,35ebac1b,kala4678,2026-04-18,17:23:14,-07:00,2026-04-18T17:23:14-07:00,0,33
global.js,9,js,35ebac1b,kala4678,2026-04-18,17:23:14,-07:00,2026-04-18T17:23:14-07:00,0,71
global.js,10,js,35ebac1b,kala4678,2026-04-18,17:23:14,-07:00,2026-04-18T17:23:14-07:00,0,3
global.js,11,js,35ebac1b,kala4678,2026-04-18,17:23:14,-07:00,2026-04-18T17:23:14-07:00,0,39
global.js,12,js,35ebac1b,kala4678,2026-04-18,17:23:14,-07:00,2026-04-18T17:23:14-07:00,0,11
global.js,13,js,35ebac1b,kala4678,2026-04-18,17:23:14,-07:00,2026-04-18T17:23:14-07:00,1,25
global.js,14,js,35ebac1b,kala4678,2026-04-18,17:23:14,-07:00,2026-04-18T17:23:14-07:00,1,38
global.js,15,js,35ebac1b,kala4678,2026-04-18,17:23:14,-07:00,2026-04-18T17:23:14-07:00,1,36
global.js,16,js,35ebac1b,kala4678,2026-04-18,17:23:14,-07:00,2026-04-18T17:23:14-07:00,1,34
global.js,17,js,00000000,Not Committed Yet,2026-05-08,15:59:23,-07:00,2026-05-08T15:59:23-07:00,1,30
global.js,18,js,35ebac1b,kala4678,2026-04-18,17:23:14,-07:00,2026-04-18T17:23:14-07:00,1,53
global.js,19,js,35ebac1b,kala4678,2026-04-18,17:23:14,-07:00,2026-04-18T17:23:14-07:00,0,0
global.js,20,js,19f8bb83,kala4678,2026-04-18,18:16:32,-07:00,2026-04-18T18:16:32-07:00,0,31
global.js,21,js,19f8bb83,kala4678,2026-04-18,18:16:32,-07:00,2026-04-18T18:16:32-07:00,1,11
global.js,22,js,19f8bb83,kala4678,2026-04-18,18:16:32,-07:00,2026-04-18T18:16:32-07:00,1,0
global.js,23,js,19f8bb83,kala4678,2026-04-18,18:16:32,-07:00,2026-04-18T18:16:32-07:00,1,26
global.js,24,js,19f8bb83,kala4678,2026-04-18,18:16:32,-07:00,2026-04-18T18:16:32-07:00,2,4
global.js,25,js,19f8bb83,kala4678,2026-04-18,18:16:32,-07:00,2026-04-18T18:16:32-07:00,2,6
global.js,26,js,19f8bb83,kala4678,2026-04-18,18:16:32,-07:00,2026-04-18T18:16:32-07:00,3,43
global.js,27,js,19f8bb83,kala4678,2026-04-18,18:16:32,-07:00,2026-04-18T18:16:32-07:00,3,34
global.js,28,js,19f8bb83,kala4678,2026-04-18,18:16:32,-07:00,2026-04-18T18:16:32-07:00,3,32
global.js,29,js,19f8bb83,kala4678,2026-04-18,18:16:32,-07:00,2026-04-18T18:16:32-07:00,2,7
global.js,30,js,19f8bb83,kala4678,2026-04-18,18:16:32,-07:00,2026-04-18T18:16:32-07:00,1,6
global.js,31,js,19f8bb83,kala4678,2026-04-18,18:16:32,-07:00,2026-04-18T18:16:32-07:00,1,0
global.js,32,js,19f8bb83,kala4678,2026-04-18,18:16:32,-07:00,2026-04-18T18:16:32-07:00,0,0
global.js,33,js,c9eab770,kala4678,2026-04-18,18:25:35,-07:00,2026-04-18T18:25:35-07:00,0,60
global.js,34,js,d2703b19,kala4678,2026-04-18,19:35:47,-07:00,2026-04-18T19:35:47-07:00,0,37
global.js,35,js,d2703b19,kala4678,2026-04-18,19:35:47,-07:00,2026-04-18T19:35:47-07:00,0,0
global.js,36,js,d2703b19,kala4678,2026-04-18,19:35:47,-07:00,2026-04-18T19:35:47-07:00,0,10
global.js,37,js,d2703b19,kala4678,2026-04-18,19:35:47,-07:00,2026-04-18T19:35:47-07:00,1,19
global.js,38,js,d2703b19,kala4678,2026-04-18,19:35:47,-07:00,2026-04-18T19:35:47-07:00,0,0
global.js,39,js,d2703b19,kala4678,2026-04-18,19:35:47,-07:00,2026-04-18T19:35:47-07:00,1,27
global.js,40,js,d2703b19,kala4678,2026-04-18,19:35:47,-07:00,2026-04-18T19:35:47-07:00,2,60
global.js,41,js,d2703b19,kala4678,2026-04-18,19:35:47,-07:00,2026-04-18T19:35:47-07:00,1,6
global.js,42,js,d2703b19,kala4678,2026-04-18,19:35:47,-07:00,2026-04-18T19:35:47-07:00,2,64
global.js,43,js,d2703b19,kala4678,2026-04-18,19:35:47,-07:00,2026-04-18T19:35:47-07:00,1,0
global.js,44,js,d2703b19,kala4678,2026-04-18,19:35:47,-07:00,2026-04-18T19:35:47-07:00,0,0
global.js,45,js,c9eab770,kala4678,2026-04-18,18:25:35,-07:00,2026-04-18T18:25:35-07:00,0,0
global.js,46,js,75a94da9,kala4678,2026-04-18,18:32:19,-07:00,2026-04-18T18:32:19-07:00,0,49
global.js,47,js,d2703b19,kala4678,2026-04-18,19:35:47,-07:00,2026-04-18T19:35:47-07:00,1,31
global.js,48,js,d2703b19,kala4678,2026-04-18,19:35:47,-07:00,2026-04-18T19:35:47-07:00,0,0
global.js,49,js,d2703b19,kala4678,2026-04-18,19:35:47,-07:00,2026-04-18T19:35:47-07:00,1,44
global.js,50,js,d2703b19,kala4678,2026-04-18,19:35:47,-07:00,2026-04-18T19:35:47-07:00,0,0
global.js,51,js,d2703b19,kala4678,2026-04-18,19:35:47,-07:00,2026-04-18T19:35:47-07:00,1,16
global.js,52,js,d2703b19,kala4678,2026-04-18,19:35:47,-07:00,2026-04-18T19:35:47-07:00,1,31
global.js,53,js,d2703b19,kala4678,2026-04-18,19:35:47,-07:00,2026-04-18T19:35:47-07:00,0,0
global.js,54,js,d2703b19,kala4678,2026-04-18,19:35:47,-07:00,2026-04-18T19:35:47-07:00,1,27
global.js,55,js,d2703b19,kala4678,2026-04-18,19:35:47,-07:00,2026-04-18T19:35:47-07:00,2,37
global.js,56,js,d2703b19,kala4678,2026-04-18,19:35:47,-07:00,2026-04-18T19:35:47-07:00,2,60
global.js,57,js,d2703b19,kala4678,2026-04-18,19:35:47,-07:00,2026-04-18T19:35:47-07:00,1,6
global.js,58,js,d2703b19,kala4678,2026-04-18,19:35:47,-07:00,2026-04-18T19:35:47-07:00,2,20
global.js,59,js,d2703b19,kala4678,2026-04-18,19:35:47,-07:00,2026-04-18T19:35:47-07:00,2,64
global.js,60,js,d2703b19,kala4678,2026-04-18,19:35:47,-07:00,2026-04-18T19:35:47-07:00,1,0
global.js,61,js,c9eab770,kala4678,2026-04-18,18:25:35,-07:00,2026-04-18T18:25:35-07:00,0,1
global.js,62,js,8c3be175,kala4678,2026-04-18,17:27:02,-07:00,2026-04-18T17:27:02-07:00,0,88
global.js,63,js,6a9d40c5,kala4678,2026-05-01,23:53:11,-07:00,2026-05-01T23:53:11-07:00,1,3
global.js,64,js,6a9d40c5,kala4678,2026-05-01,23:53:11,-07:00,2026-05-01T23:53:11-07:00,1,14
global.js,65,js,35ebac1b,kala4678,2026-04-18,17:23:14,-07:00,2026-04-18T17:23:14-07:00,0,38
global.js,66,js,35ebac1b,kala4678,2026-04-18,17:23:14,-07:00,2026-04-18T17:23:14-07:00,0,25
global.js,67,js,35ebac1b,kala4678,2026-04-18,17:23:14,-07:00,2026-04-18T17:23:14-07:00,0,20
global.js,68,js,35ebac1b,kala4678,2026-04-18,17:23:14,-07:00,2026-04-18T17:23:14-07:00,1,14
global.js,69,js,35ebac1b,kala4678,2026-04-18,17:23:14,-07:00,2026-04-18T17:23:14-07:00,1,18
global.js,70,js,8c3be175,kala4678,2026-04-18,17:27:02,-07:00,2026-04-18T17:27:02-07:00,1,52
global.js,71,js,35ebac1b,kala4678,2026-04-18,17:23:14,-07:00,2026-04-18T17:23:14-07:00,0,0
global.js,72,js,7f16a09e,kala4678,2026-04-18,17:28:58,-07:00,2026-04-18T17:28:58-07:00,1,34
global.js,73,js,7f16a09e,kala4678,2026-04-18,17:28:58,-07:00,2026-04-18T17:28:58-07:00,1,11
global.js,74,js,7f16a09e,kala4678,2026-04-18,17:28:58,-07:00,2026-04-18T17:28:58-07:00,1,20
global.js,75,js,0d2369fd,kala4678,2026-04-18,17:51:40,-07:00,2026-04-18T17:51:40-07:00,0,0
global.js,76,js,0d2369fd,kala4678,2026-04-18,17:51:40,-07:00,2026-04-18T17:51:40-07:00,2,23
global.js,77,js,0d2369fd,kala4678,2026-04-18,17:51:40,-07:00,2026-04-18T17:51:40-07:00,1,17
global.js,78,js,0d2369fd,kala4678,2026-04-18,17:51:40,-07:00,2026-04-18T17:51:40-07:00,2,8
global.js,79,js,0d2369fd,kala4678,2026-04-18,17:51:40,-07:00,2026-04-18T17:51:40-07:00,2,58
global.js,80,js,0d2369fd,kala4678,2026-04-18,17:51:40,-07:00,2026-04-18T17:51:40-07:00,1,0
global.js,81,js,0d2369fd,kala4678,2026-04-18,17:51:40,-07:00,2026-04-18T17:51:40-07:00,1,31
global.js,82,js,df1110c6,kala4678,2026-04-18,18:01:48,-07:00,2026-04-18T18:01:48-07:00,1,29
global.js,83,js,df1110c6,kala4678,2026-04-18,18:01:48,-07:00,2026-04-18T18:01:48-07:00,1,18
global.js,84,js,df1110c6,kala4678,2026-04-18,18:01:48,-07:00,2026-04-18T18:01:48-07:00,1,0
global.js,85,js,df1110c6,kala4678,2026-04-18,18:01:48,-07:00,2026-04-18T18:01:48-07:00,0,0
global.js,86,js,0d2369fd,kala4678,2026-04-18,17:51:40,-07:00,2026-04-18T17:51:40-07:00,0,0
global.js,87,js,7f16a09e,kala4678,2026-04-18,17:28:58,-07:00,2026-04-18T17:28:58-07:00,1,12
global.js,88,js,f825f49a,kala4678,2026-04-24,12:44:48,-07:00,2026-04-24T12:44:48-07:00,0,0
global.js,89,js,f825f49a,kala4678,2026-04-24,12:44:48,-07:00,2026-04-24T12:44:48-07:00,0,36
global.js,90,js,f825f49a,kala4678,2026-04-24,12:44:48,-07:00,2026-04-24T12:44:48-07:00,1,3
global.js,91,js,f825f49a,kala4678,2026-04-24,12:44:48,-07:00,2026-04-24T12:44:48-07:00,2,32
global.js,92,js,f825f49a,kala4678,2026-04-24,12:44:48,-07:00,2026-04-24T12:44:48-07:00,0,0
global.js,93,js,f825f49a,kala4678,2026-04-24,12:44:48,-07:00,2026-04-24T12:44:48-07:00,2,17
global.js,94,js,f825f49a,kala4678,2026-04-24,12:44:48,-07:00,2026-04-24T12:44:48-07:00,3,66
global.js,95,js,f825f49a,kala4678,2026-04-24,12:44:48,-07:00,2026-04-24T12:44:48-07:00,2,0
global.js,96,js,f825f49a,kala4678,2026-04-24,12:44:48,-07:00,2026-04-24T12:44:48-07:00,0,0
global.js,97,js,f825f49a,kala4678,2026-04-24,12:44:48,-07:00,2026-04-24T12:44:48-07:00,2,33
global.js,98,js,f825f49a,kala4678,2026-04-24,12:44:48,-07:00,2026-04-24T12:44:48-07:00,2,10
global.js,99,js,f825f49a,kala4678,2026-04-24,12:44:48,-07:00,2026-04-24T12:44:48-07:00,1,15
global.js,100,js,f825f49a,kala4678,2026-04-24,12:44:48,-07:00,2026-04-24T12:44:48-07:00,2,59
global.js,101,js,f825f49a,kala4678,2026-04-24,12:44:48,-07:00,2026-04-24T12:44:48-07:00,1,0
global.js,102,js,f825f49a,kala4678,2026-04-24,12:44:48,-07:00,2026-04-24T12:44:48-07:00,0,0
global.js,103,js,f825f49a,kala4678,2026-04-24,12:44:48,-07:00,2026-04-24T12:44:48-07:00,0,79
global.js,104,js,f825f49a,kala4678,2026-04-24,12:44:48,-07:00,2026-04-24T12:44:48-07:00,1,22
global.js,105,js,f825f49a,kala4678,2026-04-24,12:44:48,-07:00,2026-04-24T12:44:48-07:00,2,43
global.js,106,js,f825f49a,kala4678,2026-04-24,12:44:48,-07:00,2026-04-24T12:44:48-07:00,2,5
global.js,107,js,f825f49a,kala4678,2026-04-24,12:44:48,-07:00,2026-04-24T12:44:48-07:00,1,0
global.js,108,js,f825f49a,kala4678,2026-04-24,12:44:48,-07:00,2026-04-24T12:44:48-07:00,0,0
global.js,109,js,f825f49a,kala4678,2026-04-24,12:44:48,-07:00,2026-04-24T12:44:48-07:00,1,23
global.js,110,js,f825f49a,kala4678,2026-04-24,12:44:48,-07:00,2026-04-24T12:44:48-07:00,1,60
global.js,111,js,f825f49a,kala4678,2026-04-24,12:44:48,-07:00,2026-04-24T12:44:48-07:00,2,18
global.js,112,js,f825f49a,kala4678,2026-04-24,12:44:48,-07:00,2026-04-24T12:44:48-07:00,1,0
global.js,113,js,f825f49a,kala4678,2026-04-24,12:44:48,-07:00,2026-04-24T12:44:48-07:00,1,30
global.js,114,js,f825f49a,kala4678,2026-04-24,12:44:48,-07:00,2026-04-24T12:44:48-07:00,0,0
global.js,115,js,f825f49a,kala4678,2026-04-24,12:44:48,-07:00,2026-04-24T12:44:48-07:00,1,29
global.js,116,js,f825f49a,kala4678,2026-04-24,12:44:48,-07:00,2026-04-24T12:44:48-07:00,2,48
global.js,117,js,f825f49a,kala4678,2026-04-24,12:44:48,-07:00,2026-04-24T12:44:48-07:00,0,0
global.js,118,js,f825f49a,kala4678,2026-04-24,12:44:48,-07:00,2026-04-24T12:44:48-07:00,2,19
global.js,119,js,e82d964e,kala4678,2026-05-01,22:37:58,-07:00,2026-05-01T22:37:58-07:00,2,49
global.js,120,js,e82d964e,kala4678,2026-05-01,22:37:58,-07:00,2026-05-01T22:37:58-07:00,2,49
global.js,121,js,e82d964e,kala4678,2026-05-01,22:37:58,-07:00,2026-05-01T22:37:58-07:00,2,24
global.js,122,js,f825f49a,kala4678,2026-04-24,12:44:48,-07:00,2026-04-24T12:44:48-07:00,3,27
global.js,123,js,e82d964e,kala4678,2026-05-01,22:37:58,-07:00,2026-05-01T22:37:58-07:00,3,41
global.js,124,js,e82d964e,kala4678,2026-05-01,22:37:58,-07:00,2026-05-01T22:37:58-07:00,2,4
global.js,125,js,e82d964e,kala4678,2026-05-01,22:37:58,-07:00,2026-05-01T22:37:58-07:00,1,0
global.js,126,js,f825f49a,kala4678,2026-04-24,12:44:48,-07:00,2026-04-24T12:44:48-07:00,0,0
global.js,127,js,f825f49a,kala4678,2026-04-24,12:44:48,-07:00,2026-04-24T12:44:48-07:00,2,36
global.js,128,js,f825f49a,kala4678,2026-04-24,12:44:48,-07:00,2026-04-24T12:44:48-07:00,1,0
global.js,129,js,98829b29,kala4678,2026-04-24,17:29:56,-07:00,2026-04-24T17:29:56-07:00,0,0
global.js,130,js,98829b29,kala4678,2026-04-24,17:29:56,-07:00,2026-04-24T17:29:56-07:00,0,47
global.js,131,js,98829b29,kala4678,2026-04-24,17:29:56,-07:00,2026-04-24T17:29:56-07:00,1,59
global.js,132,js,775c545b,kala4678,2026-04-18,16:54:28,-07:00,2026-04-18T16:54:28-07:00,0,0
resume/index.html,1,html,5e3a6c1c,kala4678,2026-04-03,21:37:36,-07:00,2026-04-03T21:37:36-07:00,0,13
resume/index.html,2,html,5e3a6c1c,kala4678,2026-04-03,21:37:36,-07:00,2026-04-03T21:37:36-07:00,0,14
resume/index.html,3,html,5e3a6c1c,kala4678,2026-04-03,21:37:36,-07:00,2026-04-03T21:37:36-07:00,0,4
resume/index.html,4,html,5e3a6c1c,kala4678,2026-04-03,21:37:36,-07:00,2026-04-03T21:37:36-07:00,2,20
resume/index.html,5,html,5e3a6c1c,kala4678,2026-04-03,21:37:36,-07:00,2026-04-03T21:37:36-07:00,2,68
resume/index.html,6,html,98ce0541,kala4678,2026-04-03,21:38:45,-07:00,2026-04-03T21:38:45-07:00,2,32
resume/index.html,7,html,95428eb2,kala4678,2026-04-11,19:22:30,-07:00,2026-04-11T19:22:30-07:00,2,41
resume/index.html,8,html,35ebac1b,kala4678,2026-04-18,17:23:14,-07:00,2026-04-18T17:23:14-07:00,2,48
resume/index.html,9,html,5e3a6c1c,kala4678,2026-04-03,21:37:36,-07:00,2026-04-03T21:37:36-07:00,0,5
resume/index.html,10,html,5e3a6c1c,kala4678,2026-04-03,21:37:36,-07:00,2026-04-03T21:37:36-07:00,0,4
resume/index.html,11,html,98ce0541,kala4678,2026-04-03,21:38:45,-07:00,2026-04-03T21:38:45-07:00,0,0
resume/index.html,12,html,35ebac1b,kala4678,2026-04-18,17:23:14,-07:00,2026-04-18T17:23:14-07:00,2,0
resume/index.html,13,html,5e3a6c1c,kala4678,2026-04-03,21:37:36,-07:00,2026-04-03T21:37:36-07:00,0,0
resume/index.html,14,html,4300f6f9,kala4678,2026-04-11,19:33:22,-07:00,2026-04-11T19:33:22-07:00,2,18
resume/index.html,15,html,86bdc029,kala4678,2026-04-11,19:19:35,-07:00,2026-04-11T19:19:35-07:00,2,1
resume/index.html,16,html,4300f6f9,kala4678,2026-04-11,19:33:22,-07:00,2026-04-11T19:33:22-07:00,4,41
resume/index.html,17,html,4300f6f9,kala4678,2026-04-11,19:33:22,-07:00,2026-04-11T19:33:22-07:00,4,111
resume/index.html,18,html,86bdc029,kala4678,2026-04-11,19:19:35,-07:00,2026-04-11T19:19:35-07:00,2,2
resume/index.html,19,html,5e3a6c1c,kala4678,2026-04-03,21:37:36,-07:00,2026-04-03T21:37:36-07:00,0,0
resume/index.html,20,html,98ce0541,kala4678,2026-04-03,21:38:45,-07:00,2026-04-03T21:38:45-07:00,2,7
resume/index.html,21,html,4300f6f9,kala4678,2026-04-11,19:33:22,-07:00,2026-04-11T19:33:22-07:00,4,16
resume/index.html,22,html,4300f6f9,kala4678,2026-04-11,19:33:22,-07:00,2026-04-11T19:33:22-07:00,4,23
resume/index.html,23,html,4300f6f9,kala4678,2026-04-11,19:33:22,-07:00,2026-04-11T19:33:22-07:00,6,25
resume/index.html,24,html,4300f6f9,kala4678,2026-04-11,19:33:22,-07:00,2026-04-11T19:33:22-07:00,8,3
resume/index.html,25,html,4300f6f9,kala4678,2026-04-11,19:33:22,-07:00,2026-04-11T19:33:22-07:00,10,57
resume/index.html,26,html,4300f6f9,kala4678,2026-04-11,19:33:22,-07:00,2026-04-11T19:33:22-07:00,10,93
resume/index.html,27,html,4300f6f9,kala4678,2026-04-11,19:33:22,-07:00,2026-04-11T19:33:22-07:00,8,4
resume/index.html,28,html,4300f6f9,kala4678,2026-04-11,19:33:22,-07:00,2026-04-11T19:33:22-07:00,8,23
resume/index.html,29,html,4300f6f9,kala4678,2026-04-11,19:33:22,-07:00,2026-04-11T19:33:22-07:00,10,17
resume/index.html,30,html,4300f6f9,kala4678,2026-04-11,19:33:22,-07:00,2026-04-11T19:33:22-07:00,10,14
resume/index.html,31,html,4300f6f9,kala4678,2026-04-11,19:33:22,-07:00,2026-04-11T19:33:22-07:00,8,4
resume/index.html,32,html,4300f6f9,kala4678,2026-04-11,19:33:22,-07:00,2026-04-11T19:33:22-07:00,6,4
resume/index.html,33,html,4300f6f9,kala4678,2026-04-11,19:33:22,-07:00,2026-04-11T19:33:22-07:00,6,29
resume/index.html,34,html,4300f6f9,kala4678,2026-04-11,19:33:22,-07:00,2026-04-11T19:33:22-07:00,6,1
resume/index.html,35,html,4300f6f9,kala4678,2026-04-11,19:33:22,-07:00,2026-04-11T19:33:22-07:00,8,105
resume/index.html,36,html,4300f6f9,kala4678,2026-04-11,19:33:22,-07:00,2026-04-11T19:33:22-07:00,8,95
resume/index.html,37,html,4300f6f9,kala4678,2026-04-11,19:33:22,-07:00,2026-04-11T19:33:22-07:00,6,2
resume/index.html,38,html,4300f6f9,kala4678,2026-04-11,19:33:22,-07:00,2026-04-11T19:33:22-07:00,4,4
resume/index.html,39,html,86bdc029,kala4678,2026-04-11,19:19:35,-07:00,2026-04-11T19:19:35-07:00,2,8
resume/index.html,40,html,86bdc029,kala4678,2026-04-11,19:19:35,-07:00,2026-04-11T19:19:35-07:00,0,0
resume/index.html,41,html,86bdc029,kala4678,2026-04-11,19:19:35,-07:00,2026-04-11T19:19:35-07:00,2,7
resume/index.html,42,html,4300f6f9,kala4678,2026-04-11,19:33:22,-07:00,2026-04-11T19:33:22-07:00,4,15
resume/index.html,43,html,4300f6f9,kala4678,2026-04-11,19:33:22,-07:00,2026-04-11T19:33:22-07:00,0,0
resume/index.html,44,html,4300f6f9,kala4678,2026-04-11,19:33:22,-07:00,2026-04-11T19:33:22-07:00,4,23
resume/index.html,45,html,4300f6f9,kala4678,2026-04-11,19:33:22,-07:00,2026-04-11T19:33:22-07:00,6,25
resume/index.html,46,html,4300f6f9,kala4678,2026-04-11,19:33:22,-07:00,2026-04-11T19:33:22-07:00,8,3
resume/index.html,47,html,4300f6f9,kala4678,2026-04-11,19:33:22,-07:00,2026-04-11T19:33:22-07:00,10,87
resume/index.html,48,html,4300f6f9,kala4678,2026-04-11,19:33:22,-07:00,2026-04-11T19:33:22-07:00,10,51
resume/index.html,49,html,4300f6f9,kala4678,2026-04-11,19:33:22,-07:00,2026-04-11T19:33:22-07:00,8,4
resume/index.html,50,html,4300f6f9,kala4678,2026-04-11,19:33:22,-07:00,2026-04-11T19:33:22-07:00,8,23
resume/index.html,51,html,4300f6f9,kala4678,2026-04-11,19:33:22,-07:00,2026-04-11T19:33:22-07:00,10,16
resume/index.html,52,html,4300f6f9,kala4678,2026-04-11,19:33:22,-07:00,2026-04-11T19:33:22-07:00,8,4
resume/index.html,53,html,4300f6f9,kala4678,2026-04-11,19:33:22,-07:00,2026-04-11T19:33:22-07:00,6,4
resume/index.html,54,html,4300f6f9,kala4678,2026-04-11,19:33:22,-07:00,2026-04-11T19:33:22-07:00,6,2
resume/index.html,55,html,4300f6f9,kala4678,2026-04-11,19:33:22,-07:00,2026-04-11T19:33:22-07:00,8,106
resume/index.html,56,html,4300f6f9,kala4678,2026-04-11,19:33:22,-07:00,2026-04-11T19:33:22-07:00,8,93
resume/index.html,57,html,4300f6f9,kala4678,2026-04-11,19:33:22,-07:00,2026-04-11T19:33:22-07:00,8,94
resume/index.html,58,html,4300f6f9,kala4678,2026-04-11,19:33:22,-07:00,2026-04-11T19:33:22-07:00,8,73
resume/index.html,59,html,4300f6f9,kala4678,2026-04-11,19:33:22,-07:00,2026-04-11T19:33:22-07:00,6,3
resume/index.html,60,html,4300f6f9,kala4678,2026-04-11,19:33:22,-07:00,2026-04-11T19:33:22-07:00,4,4
resume/index.html,61,html,4300f6f9,kala4678,2026-04-11,19:33:22,-07:00,2026-04-11T19:33:22-07:00,0,0
resume/index.html,62,html,4300f6f9,kala4678,2026-04-11,19:33:22,-07:00,2026-04-11T19:33:22-07:00,4,23
resume/index.html,63,html,4300f6f9,kala4678,2026-04-11,19:33:22,-07:00,2026-04-11T19:33:22-07:00,6,25
resume/index.html,64,html,4300f6f9,kala4678,2026-04-11,19:33:22,-07:00,2026-04-11T19:33:22-07:00,8,3
resume/index.html,65,html,4300f6f9,kala4678,2026-04-11,19:33:22,-07:00,2026-04-11T19:33:22-07:00,10,68
resume/index.html,66,html,4300f6f9,kala4678,2026-04-11,19:33:22,-07:00,2026-04-11T19:33:22-07:00,10,77
resume/index.html,67,html,4300f6f9,kala4678,2026-04-11,19:33:22,-07:00,2026-04-11T19:33:22-07:00,8,4
resume/index.html,68,html,4300f6f9,kala4678,2026-04-11,19:33:22,-07:00,2026-04-11T19:33:22-07:00,8,23
resume/index.html,69,html,4300f6f9,kala4678,2026-04-11,19:33:22,-07:00,2026-04-11T19:33:22-07:00,10,14
resume/index.html,70,html,4300f6f9,kala4678,2026-04-11,19:33:22,-07:00,2026-04-11T19:33:22-07:00,8,4
resume/index.html,71,html,4300f6f9,kala4678,2026-04-11,19:33:22,-07:00,2026-04-11T19:33:22-07:00,6,4
resume/index.html,72,html,4300f6f9,kala4678,2026-04-11,19:33:22,-07:00,2026-04-11T19:33:22-07:00,6,2
resume/index.html,73,html,4300f6f9,kala4678,2026-04-11,19:33:22,-07:00,2026-04-11T19:33:22-07:00,8,96
resume/index.html,74,html,4300f6f9,kala4678,2026-04-11,19:33:22,-07:00,2026-04-11T19:33:22-07:00,8,164
resume/index.html,75,html,4300f6f9,kala4678,2026-04-11,19:33:22,-07:00,2026-04-11T19:33:22-07:00,8,160
resume/index.html,76,html,4300f6f9,kala4678,2026-04-11,19:33:22,-07:00,2026-04-11T19:33:22-07:00,6,3
resume/index.html,77,html,4300f6f9,kala4678,2026-04-11,19:33:22,-07:00,2026-04-11T19:33:22-07:00,4,4
resume/index.html,78,html,4300f6f9,kala4678,2026-04-11,19:33:22,-07:00,2026-04-11T19:33:22-07:00,0,0
resume/index.html,79,html,4300f6f9,kala4678,2026-04-11,19:33:22,-07:00,2026-04-11T19:33:22-07:00,4,23
resume/index.html,80,html,4300f6f9,kala4678,2026-04-11,19:33:22,-07:00,2026-04-11T19:33:22-07:00,6,25
resume/index.html,81,html,4300f6f9,kala4678,2026-04-11,19:33:22,-07:00,2026-04-11T19:33:22-07:00,8,3
resume/index.html,82,html,4300f6f9,kala4678,2026-04-11,19:33:22,-07:00,2026-04-11T19:33:22-07:00,10,68
resume/index.html,83,html,4300f6f9,kala4678,2026-04-11,19:33:22,-07:00,2026-04-11T19:33:22-07:00,10,85
resume/index.html,84,html,4300f6f9,kala4678,2026-04-11,19:33:22,-07:00,2026-04-11T19:33:22-07:00,8,4
resume/index.html,85,html,4300f6f9,kala4678,2026-04-11,19:33:22,-07:00,2026-04-11T19:33:22-07:00,8,23
resume/index.html,86,html,4300f6f9,kala4678,2026-04-11,19:33:22,-07:00,2026-04-11T19:33:22-07:00,10,16
resume/index.html,87,html,4300f6f9,kala4678,2026-04-11,19:33:22,-07:00,2026-04-11T19:33:22-07:00,8,4
resume/index.html,88,html,4300f6f9,kala4678,2026-04-11,19:33:22,-07:00,2026-04-11T19:33:22-07:00,6,4
resume/index.html,89,html,4300f6f9,kala4678,2026-04-11,19:33:22,-07:00,2026-04-11T19:33:22-07:00,6,2
resume/index.html,90,html,4300f6f9,kala4678,2026-04-11,19:33:22,-07:00,2026-04-11T19:33:22-07:00,8,144
resume/index.html,91,html,4300f6f9,kala4678,2026-04-11,19:33:22,-07:00,2026-04-11T19:33:22-07:00,8,148
resume/index.html,92,html,4300f6f9,kala4678,2026-04-11,19:33:22,-07:00,2026-04-11T19:33:22-07:00,6,3
resume/index.html,93,html,4300f6f9,kala4678,2026-04-11,19:33:22,-07:00,2026-04-11T19:33:22-07:00,4,4
resume/index.html,94,html,86bdc029,kala4678,2026-04-11,19:19:35,-07:00,2026-04-11T19:19:35-07:00,2,8
resume/index.html,95,html,86bdc029,kala4678,2026-04-11,19:19:35,-07:00,2026-04-11T19:19:35-07:00,0,0
resume/index.html,96,html,86bdc029,kala4678,2026-04-11,19:19:35,-07:00,2026-04-11T19:19:35-07:00,2,7
resume/index.html,97,html,4300f6f9,kala4678,2026-04-11,19:33:22,-07:00,2026-04-11T19:33:22-07:00,4,17
resume/index.html,98,html,4300f6f9,kala4678,2026-04-11,19:33:22,-07:00,2026-04-11T19:33:22-07:00,0,0
resume/index.html,99,html,4300f6f9,kala4678,2026-04-11,19:33:22,-07:00,2026-04-11T19:33:22-07:00,4,23
resume/index.html,100,html,4300f6f9,kala4678,2026-04-11,19:33:22,-07:00,2026-04-11T19:33:22-07:00,6,25
resume/index.html,101,html,4300f6f9,kala4678,2026-04-11,19:33:22,-07:00,2026-04-11T19:33:22-07:00,8,3
resume/index.html,102,html,4300f6f9,kala4678,2026-04-11,19:33:22,-07:00,2026-04-11T19:33:22-07:00,10,53
resume/index.html,103,html,4300f6f9,kala4678,2026-04-11,19:33:22,-07:00,2026-04-11T19:33:22-07:00,10,39
resume/index.html,104,html,4300f6f9,kala4678,2026-04-11,19:33:22,-07:00,2026-04-11T19:33:22-07:00,8,4
resume/index.html,105,html,4300f6f9,kala4678,2026-04-11,19:33:22,-07:00,2026-04-11T19:33:22-07:00,8,23
resume/index.html,106,html,4300f6f9,kala4678,2026-04-11,19:33:22,-07:00,2026-04-11T19:33:22-07:00,10,22
resume/index.html,107,html,4300f6f9,kala4678,2026-04-11,19:33:22,-07:00,2026-04-11T19:33:22-07:00,10,27
resume/index.html,108,html,4300f6f9,kala4678,2026-04-11,19:33:22,-07:00,2026-04-11T19:33:22-07:00,8,4
resume/index.html,109,html,4300f6f9,kala4678,2026-04-11,19:33:22,-07:00,2026-04-11T19:33:22-07:00,6,4
resume/index.html,110,html,4300f6f9,kala4678,2026-04-11,19:33:22,-07:00,2026-04-11T19:33:22-07:00,6,2
resume/index.html,111,html,4300f6f9,kala4678,2026-04-11,19:33:22,-07:00,2026-04-11T19:33:22-07:00,8,193
resume/index.html,112,html,4300f6f9,kala4678,2026-04-11,19:33:22,-07:00,2026-04-11T19:33:22-07:00,6,3
resume/index.html,113,html,4300f6f9,kala4678,2026-04-11,19:33:22,-07:00,2026-04-11T19:33:22-07:00,4,4
resume/index.html,114,html,4300f6f9,kala4678,2026-04-11,19:33:22,-07:00,2026-04-11T19:33:22-07:00,0,0
resume/index.html,115,html,4300f6f9,kala4678,2026-04-11,19:33:22,-07:00,2026-04-11T19:33:22-07:00,4,23
resume/index.html,116,html,4300f6f9,kala4678,2026-04-11,19:33:22,-07:00,2026-04-11T19:33:22-07:00,6,25
resume/index.html,117,html,4300f6f9,kala4678,2026-04-11,19:33:22,-07:00,2026-04-11T19:33:22-07:00,8,3
resume/index.html,118,html,4300f6f9,kala4678,2026-04-11,19:33:22,-07:00,2026-04-11T19:33:22-07:00,10,41
resume/index.html,119,html,4300f6f9,kala4678,2026-04-11,19:33:22,-07:00,2026-04-11T19:33:22-07:00,10,28
resume/index.html,120,html,4300f6f9,kala4678,2026-04-11,19:33:22,-07:00,2026-04-11T19:33:22-07:00,8,4
resume/index.html,121,html,4300f6f9,kala4678,2026-04-11,19:33:22,-07:00,2026-04-11T19:33:22-07:00,8,23
resume/index.html,122,html,4300f6f9,kala4678,2026-04-11,19:33:22,-07:00,2026-04-11T19:33:22-07:00,10,15
resume/index.html,123,html,4300f6f9,kala4678,2026-04-11,19:33:22,-07:00,2026-04-11T19:33:22-07:00,10,26
resume/index.html,124,html,4300f6f9,kala4678,2026-04-11,19:33:22,-07:00,2026-04-11T19:33:22-07:00,8,4
resume/index.html,125,html,4300f6f9,kala4678,2026-04-11,19:33:22,-07:00,2026-04-11T19:33:22-07:00,6,4
resume/index.html,126,html,4300f6f9,kala4678,2026-04-11,19:33:22,-07:00,2026-04-11T19:33:22-07:00,6,2
resume/index.html,127,html,4300f6f9,kala4678,2026-04-11,19:33:22,-07:00,2026-04-11T19:33:22-07:00,8,102
resume/index.html,128,html,4300f6f9,kala4678,2026-04-11,19:33:22,-07:00,2026-04-11T19:33:22-07:00,6,3
resume/index.html,129,html,4300f6f9,kala4678,2026-04-11,19:33:22,-07:00,2026-04-11T19:33:22-07:00,4,4
resume/index.html,130,html,4300f6f9,kala4678,2026-04-11,19:33:22,-07:00,2026-04-11T19:33:22-07:00,2,8
resume/index.html,131,html,86bdc029,kala4678,2026-04-11,19:19:35,-07:00,2026-04-11T19:19:35-07:00,0,0
resume/index.html,132,html,4300f6f9,kala4678,2026-04-11,19:33:22,-07:00,2026-04-11T19:33:22-07:00,2,7
resume/index.html,133,html,4300f6f9,kala4678,2026-04-11,19:33:22,-07:00,2026-04-11T19:33:22-07:00,4,30
resume/index.html,134,html,4300f6f9,kala4678,2026-04-11,19:33:22,-07:00,2026-04-11T19:33:22-07:00,0,0
resume/index.html,135,html,4300f6f9,kala4678,2026-04-11,19:33:22,-07:00,2026-04-11T19:33:22-07:00,4,23
resume/index.html,136,html,4300f6f9,kala4678,2026-04-11,19:33:22,-07:00,2026-04-11T19:33:22-07:00,6,25
resume/index.html,137,html,4300f6f9,kala4678,2026-04-11,19:33:22,-07:00,2026-04-11T19:33:22-07:00,8,3
resume/index.html,138,html,4300f6f9,kala4678,2026-04-11,19:33:22,-07:00,2026-04-11T19:33:22-07:00,10,76
resume/index.html,139,html,4300f6f9,kala4678,2026-04-11,19:33:22,-07:00,2026-04-11T19:33:22-07:00,10,46
resume/index.html,140,html,4300f6f9,kala4678,2026-04-11,19:33:22,-07:00,2026-04-11T19:33:22-07:00,8,4
resume/index.html,141,html,4300f6f9,kala4678,2026-04-11,19:33:22,-07:00,2026-04-11T19:33:22-07:00,8,23
resume/index.html,142,html,4300f6f9,kala4678,2026-04-11,19:33:22,-07:00,2026-04-11T19:33:22-07:00,10,40
resume/index.html,143,html,4300f6f9,kala4678,2026-04-11,19:33:22,-07:00,2026-04-11T19:33:22-07:00,10,24
resume/index.html,144,html,4300f6f9,kala4678,2026-04-11,19:33:22,-07:00,2026-04-11T19:33:22-07:00,8,4
resume/index.html,145,html,4300f6f9,kala4678,2026-04-11,19:33:22,-07:00,2026-04-11T19:33:22-07:00,6,4
resume/index.html,146,html,4300f6f9,kala4678,2026-04-11,19:33:22,-07:00,2026-04-11T19:33:22-07:00,6,2
resume/index.html,147,html,4300f6f9,kala4678,2026-04-11,19:33:22,-07:00,2026-04-11T19:33:22-07:00,8,105
resume/index.html,148,html,4300f6f9,kala4678,2026-04-11,19:33:22,-07:00,2026-04-11T19:33:22-07:00,6,3
resume/index.html,149,html,4300f6f9,kala4678,2026-04-11,19:33:22,-07:00,2026-04-11T19:33:22-07:00,4,4
resume/index.html,150,html,4300f6f9,kala4678,2026-04-11,19:33:22,-07:00,2026-04-11T19:33:22-07:00,0,0
resume/index.html,151,html,4300f6f9,kala4678,2026-04-11,19:33:22,-07:00,2026-04-11T19:33:22-07:00,4,23
resume/index.html,152,html,4300f6f9,kala4678,2026-04-11,19:33:22,-07:00,2026-04-11T19:33:22-07:00,6,25
resume/index.html,153,html,4300f6f9,kala4678,2026-04-11,19:33:22,-07:00,2026-04-11T19:33:22-07:00,8,3
resume/index.html,154,html,4300f6f9,kala4678,2026-04-11,19:33:22,-07:00,2026-04-11T19:33:22-07:00,10,74
resume/index.html,155,html,4300f6f9,kala4678,2026-04-11,19:33:22,-07:00,2026-04-11T19:33:22-07:00,10,35
resume/index.html,156,html,4300f6f9,kala4678,2026-04-11,19:33:22,-07:00,2026-04-11T19:33:22-07:00,8,4
resume/index.html,157,html,4300f6f9,kala4678,2026-04-11,19:33:22,-07:00,2026-04-11T19:33:22-07:00,8,23
resume/index.html,158,html,4300f6f9,kala4678,2026-04-11,19:33:22,-07:00,2026-04-11T19:33:22-07:00,10,40
resume/index.html,159,html,4300f6f9,kala4678,2026-04-11,19:33:22,-07:00,2026-04-11T19:33:22-07:00,10,24
resume/index.html,160,html,4300f6f9,kala4678,2026-04-11,19:33:22,-07:00,2026-04-11T19:33:22-07:00,8,4
resume/index.html,161,html,4300f6f9,kala4678,2026-04-11,19:33:22,-07:00,2026-04-11T19:33:22-07:00,6,4
resume/index.html,162,html,4300f6f9,kala4678,2026-04-11,19:33:22,-07:00,2026-04-11T19:33:22-07:00,6,2
resume/index.html,163,html,4300f6f9,kala4678,2026-04-11,19:33:22,-07:00,2026-04-11T19:33:22-07:00,8,166
resume/index.html,164,html,4300f6f9,kala4678,2026-04-11,19:33:22,-07:00,2026-04-11T19:33:22-07:00,6,3
resume/index.html,165,html,4300f6f9,kala4678,2026-04-11,19:33:22,-07:00,2026-04-11T19:33:22-07:00,4,4
resume/index.html,166,html,98ce0541,kala4678,2026-04-03,21:38:45,-07:00,2026-04-03T21:38:45-07:00,2,8
resume/index.html,167,html,5e3a6c1c,kala4678,2026-04-03,21:37:36,-07:00,2026-04-03T21:37:36-07:00,0,0
resume/index.html,168,html,98ce0541,kala4678,2026-04-03,21:38:45,-07:00,2026-04-03T21:38:45-07:00,2,7
resume/index.html,169,html,4300f6f9,kala4678,2026-04-11,19:33:22,-07:00,2026-04-11T19:33:22-07:00,4,23
resume/index.html,170,html,4300f6f9,kala4678,2026-04-11,19:33:22,-07:00,2026-04-11T19:33:22-07:00,4,52
resume/index.html,171,html,4300f6f9,kala4678,2026-04-11,19:33:22,-07:00,2026-04-11T19:33:22-07:00,4,55
resume/index.html,172,html,4300f6f9,kala4678,2026-04-11,19:33:22,-07:00,2026-04-11T19:33:22-07:00,4,64
resume/index.html,173,html,4300f6f9,kala4678,2026-04-11,19:33:22,-07:00,2026-04-11T19:33:22-07:00,4,60
resume/index.html,174,html,98ce0541,kala4678,2026-04-03,21:38:45,-07:00,2026-04-03T21:38:45-07:00,2,8
resume/index.html,175,html,5e3a6c1c,kala4678,2026-04-03,21:37:36,-07:00,2026-04-03T21:37:36-07:00,0,0
resume/index.html,176,html,5e3a6c1c,kala4678,2026-04-03,21:37:36,-07:00,2026-04-03T21:37:36-07:00,0,5
resume/index.html,177,html,5e3a6c1c,kala4678,2026-04-03,21:37:36,-07:00,2026-04-03T21:37:36-07:00,0,5
projects/projects.js,1,js,f825f49a,kala4678,2026-04-24,12:44:48,-07:00,2026-04-24T12:44:48-07:00,0,55
projects/projects.js,2,js,e74d964e,kala4678,2026-05-01,23:02:49,-07:00,2026-05-01T23:02:49-07:00,0,63
projects/projects.js,3,js,e74d964e,kala4678,2026-05-01,23:02:49,-07:00,2026-05-01T23:02:49-07:00,0,0
projects/projects.js,4,js,f825f49a,kala4678,2026-04-24,12:44:48,-07:00,2026-04-24T12:44:48-07:00,0,55
projects/projects.js,5,js,e74d964e,kala4678,2026-05-01,23:02:49,-07:00,2026-05-01T23:02:49-07:00,0,0
projects/projects.js,6,js,f825f49a,kala4678,2026-04-24,12:44:48,-07:00,2026-04-24T12:44:48-07:00,0,60
projects/projects.js,7,js,1606ac61,kala4678,2026-04-24,12:57:01,-07:00,2026-04-24T12:57:01-07:00,0,54
projects/projects.js,8,js,e74d964e,kala4678,2026-05-01,23:02:49,-07:00,2026-05-01T23:02:49-07:00,0,48
projects/projects.js,9,js,e74d964e,kala4678,2026-05-01,23:02:49,-07:00,2026-05-01T23:02:49-07:00,0,0
projects/projects.js,10,js,e74d964e,kala4678,2026-05-01,23:02:49,-07:00,2026-05-01T23:02:49-07:00,0,57
projects/projects.js,11,js,0ee910ca,kala4678,2026-05-01,23:16:00,-07:00,2026-05-01T23:16:00-07:00,0,47
projects/projects.js,12,js,e74d964e,kala4678,2026-05-01,23:02:49,-07:00,2026-05-01T23:02:49-07:00,0,0
projects/projects.js,13,js,f05642ab,kala4678,2026-05-01,23:19:12,-07:00,2026-05-01T23:19:12-07:00,0,21
projects/projects.js,14,js,f05642ab,kala4678,2026-05-01,23:19:12,-07:00,2026-05-01T23:19:12-07:00,0,13
projects/projects.js,15,js,f05642ab,kala4678,2026-05-01,23:19:12,-07:00,2026-05-01T23:19:12-07:00,0,0
projects/projects.js,16,js,0ee910ca,kala4678,2026-05-01,23:16:00,-07:00,2026-05-01T23:16:00-07:00,0,38
projects/projects.js,17,js,0ee910ca,kala4678,2026-05-01,23:16:00,-07:00,2026-05-01T23:16:00-07:00,1,29
projects/projects.js,18,js,0ee910ca,kala4678,2026-05-01,23:16:00,-07:00,2026-05-01T23:16:00-07:00,2,12
projects/projects.js,19,js,0ee910ca,kala4678,2026-05-01,23:16:00,-07:00,2026-05-01T23:16:00-07:00,2,14
projects/projects.js,20,js,0ee910ca,kala4678,2026-05-01,23:16:00,-07:00,2026-05-01T23:16:00-07:00,2,12
projects/projects.js,21,js,0ee910ca,kala4678,2026-05-01,23:16:00,-07:00,2026-05-01T23:16:00-07:00,1,0
projects/projects.js,22,js,0ee910ca,kala4678,2026-05-01,23:16:00,-07:00,2026-05-01T23:16:00-07:00,1,50
projects/projects.js,23,js,0ee910ca,kala4678,2026-05-01,23:16:00,-07:00,2026-05-01T23:16:00-07:00,2,35
projects/projects.js,24,js,0ee910ca,kala4678,2026-05-01,23:16:00,-07:00,2026-05-01T23:16:00-07:00,1,1
projects/projects.js,25,js,491aee26,kala4678,2026-05-01,23:12:52,-07:00,2026-05-01T23:12:52-07:00,0,0
projects/projects.js,26,js,f05642ab,kala4678,2026-05-01,23:19:12,-07:00,2026-05-01T23:19:12-07:00,1,15
projects/projects.js,27,js,f05642ab,kala4678,2026-05-01,23:19:12,-07:00,2026-05-01T23:19:12-07:00,1,25
projects/projects.js,28,js,f05642ab,kala4678,2026-05-01,23:19:12,-07:00,2026-05-01T23:19:12-07:00,1,29
projects/projects.js,29,js,0ee910ca,kala4678,2026-05-01,23:16:00,-07:00,2026-05-01T23:16:00-07:00,1,44
projects/projects.js,30,js,74056048,kala4678,2026-05-01,23:09:35,-07:00,2026-05-01T23:09:35-07:00,0,0
projects/projects.js,31,js,0ee910ca,kala4678,2026-05-01,23:16:00,-07:00,2026-05-01T23:16:00-07:00,1,53
projects/projects.js,32,js,0ee910ca,kala4678,2026-05-01,23:16:00,-07:00,2026-05-01T23:16:00-07:00,1,42
projects/projects.js,33,js,0ee910ca,kala4678,2026-05-01,23:16:00,-07:00,2026-05-01T23:16:00-07:00,1,51
projects/projects.js,34,js,e74d964e,kala4678,2026-05-01,23:02:49,-07:00,2026-05-01T23:02:49-07:00,0,0
projects/projects.js,35,js,f05642ab,kala4678,2026-05-01,23:19:12,-07:00,2026-05-01T23:19:12-07:00,1,12
projects/projects.js,36,js,f05642ab,kala4678,2026-05-01,23:19:12,-07:00,2026-05-01T23:19:12-07:00,1,27
projects/projects.js,37,js,f05642ab,kala4678,2026-05-01,23:19:12,-07:00,2026-05-01T23:19:12-07:00,2,1
projects/projects.js,38,js,0ee910ca,kala4678,2026-05-01,23:16:00,-07:00,2026-05-01T23:16:00-07:00,3,13
projects/projects.js,39,js,0ee910ca,kala4678,2026-05-01,23:16:00,-07:00,2026-05-01T23:16:00-07:00,3,13
projects/projects.js,40,js,f05642ab,kala4678,2026-05-01,23:19:12,-07:00,2026-05-01T23:19:12-07:00,3,22
projects/projects.js,41,js,f05642ab,kala4678,2026-05-01,23:19:12,-07:00,2026-05-01T23:19:12-07:00,3,51
projects/projects.js,42,js,f05642ab,kala4678,2026-05-01,23:19:12,-07:00,2026-05-01T23:19:12-07:00,3,18
projects/projects.js,43,js,f05642ab,kala4678,2026-05-01,23:19:12,-07:00,2026-05-01T23:19:12-07:00,4,43
projects/projects.js,44,js,f05642ab,kala4678,2026-05-01,23:19:12,-07:00,2026-05-01T23:19:12-07:00,0,0
projects/projects.js,45,js,f05642ab,kala4678,2026-05-01,23:19:12,-07:00,2026-05-01T23:19:12-07:00,4,21
projects/projects.js,46,js,f05642ab,kala4678,2026-05-01,23:19:12,-07:00,2026-05-01T23:19:12-07:00,4,45
projects/projects.js,47,js,f05642ab,kala4678,2026-05-01,23:19:12,-07:00,2026-05-01T23:19:12-07:00,5,37
projects/projects.js,48,js,f05642ab,kala4678,2026-05-01,23:19:12,-07:00,2026-05-01T23:19:12-07:00,4,0
projects/projects.js,49,js,f05642ab,kala4678,2026-05-01,23:19:12,-07:00,2026-05-01T23:19:12-07:00,0,0
projects/projects.js,50,js,f05642ab,kala4678,2026-05-01,23:19:12,-07:00,2026-05-01T23:19:12-07:00,4,22
projects/projects.js,51,js,f05642ab,kala4678,2026-05-01,23:19:12,-07:00,2026-05-01T23:19:12-07:00,4,60
projects/projects.js,52,js,f05642ab,kala4678,2026-05-01,23:19:12,-07:00,2026-05-01T23:19:12-07:00,5,19
projects/projects.js,53,js,f05642ab,kala4678,2026-05-01,23:19:12,-07:00,2026-05-01T23:19:12-07:00,6,22
projects/projects.js,54,js,f05642ab,kala4678,2026-05-01,23:19:12,-07:00,2026-05-01T23:19:12-07:00,6,13
projects/projects.js,55,js,f05642ab,kala4678,2026-05-01,23:19:12,-07:00,2026-05-01T23:19:12-07:00,4,0
projects/projects.js,56,js,f05642ab,kala4678,2026-05-01,23:19:12,-07:00,2026-05-01T23:19:12-07:00,0,0
projects/projects.js,57,js,f05642ab,kala4678,2026-05-01,23:19:12,-07:00,2026-05-01T23:19:12-07:00,4,46
projects/projects.js,58,js,f05642ab,kala4678,2026-05-01,23:19:12,-07:00,2026-05-01T23:19:12-07:00,4,16
projects/projects.js,59,js,f05642ab,kala4678,2026-05-01,23:19:12,-07:00,2026-05-01T23:19:12-07:00,5,18
projects/projects.js,60,js,f05642ab,kala4678,2026-05-01,23:19:12,-07:00,2026-05-01T23:19:12-07:00,6,8
projects/projects.js,61,js,f05642ab,kala4678,2026-05-01,23:19:12,-07:00,2026-05-01T23:19:12-07:00,6,64
projects/projects.js,62,js,f05642ab,kala4678,2026-05-01,23:19:12,-07:00,2026-05-01T23:19:12-07:00,0,0
projects/projects.js,63,js,f05642ab,kala4678,2026-05-01,23:19:12,-07:00,2026-05-01T23:19:12-07:00,4,52
projects/projects.js,64,js,f05642ab,kala4678,2026-05-01,23:19:12,-07:00,2026-05-01T23:19:12-07:00,5,59
projects/projects.js,65,js,f05642ab,kala4678,2026-05-01,23:19:12,-07:00,2026-05-01T23:19:12-07:00,5,42
projects/projects.js,66,js,f05642ab,kala4678,2026-05-01,23:19:12,-07:00,2026-05-01T23:19:12-07:00,4,1
projects/projects.js,67,js,f05642ab,kala4678,2026-05-01,23:19:12,-07:00,2026-05-01T23:19:12-07:00,0,0
projects/projects.js,68,js,f05642ab,kala4678,2026-05-01,23:19:12,-07:00,2026-05-01T23:19:12-07:00,4,53
projects/projects.js,69,js,f05642ab,kala4678,2026-05-01,23:19:12,-07:00,2026-05-01T23:19:12-07:00,3,1
projects/projects.js,70,js,0ee910ca,kala4678,2026-05-01,23:16:00,-07:00,2026-05-01T23:16:00-07:00,1,1
projects/projects.js,71,js,0ee910ca,kala4678,2026-05-01,23:16:00,-07:00,2026-05-01T23:16:00-07:00,0,0
projects/projects.js,72,js,0ee910ca,kala4678,2026-05-01,23:16:00,-07:00,2026-05-01T23:16:00-07:00,1,12
projects/projects.js,73,js,0ee910ca,kala4678,2026-05-01,23:16:00,-07:00,2026-05-01T23:16:00-07:00,1,32
projects/projects.js,74,js,0ee910ca,kala4678,2026-05-01,23:16:00,-07:00,2026-05-01T23:16:00-07:00,1,27
projects/projects.js,75,js,0ee910ca,kala4678,2026-05-01,23:16:00,-07:00,2026-05-01T23:16:00-07:00,2,4
projects/projects.js,76,js,0ee910ca,kala4678,2026-05-01,23:16:00,-07:00,2026-05-01T23:16:00-07:00,3,11
projects/projects.js,77,js,0ee910ca,kala4678,2026-05-01,23:16:00,-07:00,2026-05-01T23:16:00-07:00,3,38
projects/projects.js,78,js,f05642ab,kala4678,2026-05-01,23:19:12,-07:00,2026-05-01T23:19:12-07:00,3,76
projects/projects.js,79,js,0ee910ca,kala4678,2026-05-01,23:16:00,-07:00,2026-05-01T23:16:00-07:00,3,69
projects/projects.js,80,js,0ee910ca,kala4678,2026-05-01,23:16:00,-07:00,2026-05-01T23:16:00-07:00,1,1
projects/projects.js,81,js,0ee910ca,kala4678,2026-05-01,23:16:00,-07:00,2026-05-01T23:16:00-07:00,0,0
projects/projects.js,82,js,0ee910ca,kala4678,2026-05-01,23:16:00,-07:00,2026-05-01T23:16:00-07:00,0,0
projects/projects.js,83,js,f05642ab,kala4678,2026-05-01,23:19:12,-07:00,2026-05-01T23:19:12-07:00,0,15
projects/projects.js,84,js,0ee910ca,kala4678,2026-05-01,23:16:00,-07:00,2026-05-01T23:16:00-07:00,0,23
projects/projects.js,85,js,f05642ab,kala4678,2026-05-01,23:19:12,-07:00,2026-05-01T23:19:12-07:00,0,48
projects/projects.js,86,js,0ee910ca,kala4678,2026-05-01,23:16:00,-07:00,2026-05-01T23:16:00-07:00,0,0
projects/projects.js,87,js,f05642ab,kala4678,2026-05-01,23:19:12,-07:00,2026-05-01T23:19:12-07:00,0,11
projects/projects.js,88,js,0ee910ca,kala4678,2026-05-01,23:16:00,-07:00,2026-05-01T23:16:00-07:00,0,53
projects/projects.js,89,js,0ee910ca,kala4678,2026-05-01,23:16:00,-07:00,2026-05-01T23:16:00-07:00,0,0
projects/projects.js,90,js,0ee910ca,kala4678,2026-05-01,23:16:00,-07:00,2026-05-01T23:16:00-07:00,0,48
projects/projects.js,91,js,0ee910ca,kala4678,2026-05-01,23:16:00,-07:00,2026-05-01T23:16:00-07:00,1,25
projects/projects.js,92,js,0ee910ca,kala4678,2026-05-01,23:16:00,-07:00,2026-05-01T23:16:00-07:00,0,0
projects/projects.js,93,js,f05642ab,kala4678,2026-05-01,23:19:12,-07:00,2026-05-01T23:19:12-07:00,1,29
projects/projects.js,94,js,f05642ab,kala4678,2026-05-01,23:19:12,-07:00,2026-05-01T23:19:12-07:00,1,49
projects/projects.js,95,js,0ee910ca,kala4678,2026-05-01,23:16:00,-07:00,2026-05-01T23:16:00-07:00,2,59
projects/projects.js,96,js,0ee910ca,kala4678,2026-05-01,23:16:00,-07:00,2026-05-01T23:16:00-07:00,2,42
projects/projects.js,97,js,0ee910ca,kala4678,2026-05-01,23:16:00,-07:00,2026-05-01T23:16:00-07:00,1,1
projects/projects.js,98,js,e74d964e,kala4678,2026-05-01,23:02:49,-07:00,2026-05-01T23:02:49-07:00,0,0
projects/projects.js,99,js,f05642ab,kala4678,2026-05-01,23:19:12,-07:00,2026-05-01T23:19:12-07:00,1,67
projects/projects.js,100,js,f05642ab,kala4678,2026-05-01,23:19:12,-07:00,2026-05-01T23:19:12-07:00,1,17
projects/projects.js,101,js,f05642ab,kala4678,2026-05-01,23:19:12,-07:00,2026-05-01T23:19:12-07:00,1,29
projects/projects.js,102,js,f05642ab,kala4678,2026-05-01,23:19:12,-07:00,2026-05-01T23:19:12-07:00,1,54
projects/projects.js,103,js,e74d964e,kala4678,2026-05-01,23:02:49,-07:00,2026-05-01T23:02:49-07:00,0,1
projects/index.html,1,html,d40133c0,kala4678,2026-04-03,20:42:36,-07:00,2026-04-03T20:42:36-07:00,0,13
projects/index.html,2,html,d40133c0,kala4678,2026-04-03,20:42:36,-07:00,2026-04-03T20:42:36-07:00,0,14
projects/index.html,3,html,d40133c0,kala4678,2026-04-03,20:42:36,-07:00,2026-04-03T20:42:36-07:00,0,4
projects/index.html,4,html,d40133c0,kala4678,2026-04-03,20:42:36,-07:00,2026-04-03T20:42:36-07:00,2,20
projects/index.html,5,html,d40133c0,kala4678,2026-04-03,20:42:36,-07:00,2026-04-03T20:42:36-07:00,2,68
projects/index.html,6,html,ea15b2f1,kala4678,2026-04-03,20:58:19,-07:00,2026-04-03T20:58:19-07:00,2,21
projects/index.html,7,html,ea15b2f1,kala4678,2026-04-03,20:58:19,-07:00,2026-04-03T20:58:19-07:00,2,41
projects/index.html,8,html,775c545b,kala4678,2026-04-18,16:54:28,-07:00,2026-04-18T16:54:28-07:00,2,48
projects/index.html,9,html,f825f49a,kala4678,2026-04-24,12:44:48,-07:00,2026-04-24T12:44:48-07:00,2,47
projects/index.html,10,html,d40133c0,kala4678,2026-04-03,20:42:36,-07:00,2026-04-03T20:42:36-07:00,0,5
projects/index.html,11,html,d40133c0,kala4678,2026-04-03,20:42:36,-07:00,2026-04-03T20:42:36-07:00,0,4
projects/index.html,12,html,d40133c0,kala4678,2026-04-03,20:42:36,-07:00,2026-04-03T20:42:36-07:00,0,0
projects/index.html,13,html,6162be7a,kala4678,2026-05-01,22:55:42,-07:00,2026-05-01T22:55:42-07:00,2,38
projects/index.html,14,html,35ebac1b,kala4678,2026-04-18,17:23:14,-07:00,2026-04-18T17:23:14-07:00,0,0
projects/index.html,15,html,74056048,kala4678,2026-05-01,23:09:35,-07:00,2026-05-01T23:09:35-07:00,2,21
projects/index.html,16,html,74056048,kala4678,2026-05-01,23:09:35,-07:00,2026-05-01T23:09:35-07:00,3,58
projects/index.html,17,html,74056048,kala4678,2026-05-01,23:09:35,-07:00,2026-05-01T23:09:35-07:00,3,22
projects/index.html,18,html,74056048,kala4678,2026-05-01,23:09:35,-07:00,2026-05-01T23:09:35-07:00,2,4
projects/index.html,19,html,d40133c0,kala4678,2026-04-03,20:42:36,-07:00,2026-04-03T20:42:36-07:00,0,0
projects/index.html,20,html,0ee910ca,kala4678,2026-05-01,23:16:00,-07:00,2026-05-01T23:16:00-07:00,2,4
projects/index.html,21,html,0ee910ca,kala4678,2026-05-01,23:16:00,-07:00,2026-05-01T23:16:00-07:00,3,15
projects/index.html,22,html,0ee910ca,kala4678,2026-05-01,23:16:00,-07:00,2026-05-01T23:16:00-07:00,3,11
projects/index.html,23,html,0ee910ca,kala4678,2026-05-01,23:16:00,-07:00,2026-05-01T23:16:00-07:00,3,26
projects/index.html,24,html,0ee910ca,kala4678,2026-05-01,23:16:00,-07:00,2026-05-01T23:16:00-07:00,3,31
projects/index.html,25,html,0ee910ca,kala4678,2026-05-01,23:16:00,-07:00,2026-05-01T23:16:00-07:00,2,0
projects/index.html,26,html,0ee910ca,kala4678,2026-05-01,23:16:00,-07:00,2026-05-01T23:16:00-07:00,0,0
projects/index.html,27,html,f825f49a,kala4678,2026-04-24,12:44:48,-07:00,2026-04-24T12:44:48-07:00,2,26
projects/index.html,28,html,d40133c0,kala4678,2026-04-03,20:42:36,-07:00,2026-04-03T20:42:36-07:00,0,0
projects/index.html,29,html,d40133c0,kala4678,2026-04-03,20:42:36,-07:00,2026-04-03T20:42:36-07:00,0,5
projects/index.html,30,html,d40133c0,kala4678,2026-04-03,20:42:36,-07:00,2026-04-03T20:42:36-07:00,0,5
contact/index.html,1,html,d40133c0,kala4678,2026-04-03,20:42:36,-07:00,2026-04-03T20:42:36-07:00,0,13
contact/index.html,2,html,d40133c0,kala4678,2026-04-03,20:42:36,-07:00,2026-04-03T20:42:36-07:00,0,14
contact/index.html,3,html,d40133c0,kala4678,2026-04-03,20:42:36,-07:00,2026-04-03T20:42:36-07:00,0,4
contact/index.html,4,html,d40133c0,kala4678,2026-04-03,20:42:36,-07:00,2026-04-03T20:42:36-07:00,2,20
contact/index.html,5,html,d40133c0,kala4678,2026-04-03,20:42:36,-07:00,2026-04-03T20:42:36-07:00,2,68
contact/index.html,6,html,ea15b2f1,kala4678,2026-04-03,20:58:19,-07:00,2026-04-03T20:58:19-07:00,2,20
contact/index.html,7,html,ea15b2f1,kala4678,2026-04-03,20:58:19,-07:00,2026-04-03T20:58:19-07:00,2,41
contact/index.html,8,html,775c545b,kala4678,2026-04-18,16:54:28,-07:00,2026-04-18T16:54:28-07:00,2,48
contact/index.html,9,html,d40133c0,kala4678,2026-04-03,20:42:36,-07:00,2026-04-03T20:42:36-07:00,0,5
contact/index.html,10,html,d40133c0,kala4678,2026-04-03,20:42:36,-07:00,2026-04-03T20:42:36-07:00,0,4
contact/index.html,11,html,d40133c0,kala4678,2026-04-03,20:42:36,-07:00,2026-04-03T20:42:36-07:00,0,0
contact/index.html,12,html,35ebac1b,kala4678,2026-04-18,17:23:14,-07:00,2026-04-18T17:23:14-07:00,2,0
contact/index.html,13,html,d40133c0,kala4678,2026-04-03,20:42:36,-07:00,2026-04-03T20:42:36-07:00,0,0
contact/index.html,14,html,ea15b2f1,kala4678,2026-04-03,20:58:19,-07:00,2026-04-03T20:58:19-07:00,2,14
contact/index.html,15,html,d40133c0,kala4678,2026-04-03,20:42:36,-07:00,2026-04-03T20:42:36-07:00,0,0
contact/index.html,16,html,ea15b2f1,kala4678,2026-04-03,20:58:19,-07:00,2026-04-03T20:58:19-07:00,2,76
contact/index.html,17,html,ea15b2f1,kala4678,2026-04-03,20:58:19,-07:00,2026-04-03T20:58:19-07:00,0,0
contact/index.html,18,html,ea15b2f1,kala4678,2026-04-03,20:58:19,-07:00,2026-04-03T20:58:19-07:00,4,5
contact/index.html,19,html,ea15b2f1,kala4678,2026-04-03,20:58:19,-07:00,2026-04-03T20:58:19-07:00,6,9
contact/index.html,20,html,ea15b2f1,kala4678,2026-04-03,20:58:19,-07:00,2026-04-03T20:58:19-07:00,6,31
contact/index.html,21,html,ea15b2f1,kala4678,2026-04-03,20:58:19,-07:00,2026-04-03T20:58:19-07:00,4,6
contact/index.html,22,html,ea15b2f1,kala4678,2026-04-03,20:58:19,-07:00,2026-04-03T20:58:19-07:00,0,0
contact/index.html,23,html,ea15b2f1,kala4678,2026-04-03,20:58:19,-07:00,2026-04-03T20:58:19-07:00,4,6
contact/index.html,24,html,ea15b2f1,kala4678,2026-04-03,20:58:19,-07:00,2026-04-03T20:58:19-07:00,0,0
contact/index.html,25,html,ea15b2f1,kala4678,2026-04-03,20:58:19,-07:00,2026-04-03T20:58:19-07:00,4,5
contact/index.html,26,html,ea15b2f1,kala4678,2026-04-03,20:58:19,-07:00,2026-04-03T20:58:19-07:00,6,6
contact/index.html,27,html,ea15b2f1,kala4678,2026-04-03,20:58:19,-07:00,2026-04-03T20:58:19-07:00,6,20
contact/index.html,28,html,ea15b2f1,kala4678,2026-04-03,20:58:19,-07:00,2026-04-03T20:58:19-07:00,4,6
contact/index.html,29,html,ea15b2f1,kala4678,2026-04-03,20:58:19,-07:00,2026-04-03T20:58:19-07:00,0,0
contact/index.html,30,html,ea15b2f1,kala4678,2026-04-03,20:58:19,-07:00,2026-04-03T20:58:19-07:00,4,6
contact/index.html,31,html,ea15b2f1,kala4678,2026-04-03,20:58:19,-07:00,2026-04-03T20:58:19-07:00,0,0
contact/index.html,32,html,ea15b2f1,kala4678,2026-04-03,20:58:19,-07:00,2026-04-03T20:58:19-07:00,4,5
contact/index.html,33,html,ea15b2f1,kala4678,2026-04-03,20:58:19,-07:00,2026-04-03T20:58:19-07:00,6,6
contact/index.html,34,html,ea15b2f1,kala4678,2026-04-03,20:58:19,-07:00,2026-04-03T20:58:19-07:00,6,31
contact/index.html,35,html,ea15b2f1,kala4678,2026-04-03,20:58:19,-07:00,2026-04-03T20:58:19-07:00,4,6
contact/index.html,36,html,ea15b2f1,kala4678,2026-04-03,20:58:19,-07:00,2026-04-03T20:58:19-07:00,0,0
contact/index.html,37,html,ea15b2f1,kala4678,2026-04-03,20:58:19,-07:00,2026-04-03T20:58:19-07:00,4,6
contact/index.html,38,html,ea15b2f1,kala4678,2026-04-03,20:58:19,-07:00,2026-04-03T20:58:19-07:00,0,0
contact/index.html,39,html,ea15b2f1,kala4678,2026-04-03,20:58:19,-07:00,2026-04-03T20:58:19-07:00,4,19
contact/index.html,40,html,ea15b2f1,kala4678,2026-04-03,20:58:19,-07:00,2026-04-03T20:58:19-07:00,0,0
contact/index.html,41,html,ea15b2f1,kala4678,2026-04-03,20:58:19,-07:00,2026-04-03T20:58:19-07:00,2,5
contact/index.html,42,html,d40133c0,kala4678,2026-04-03,20:42:36,-07:00,2026-04-03T20:42:36-07:00,0,0
contact/index.html,43,html,d40133c0,kala4678,2026-04-03,20:42:36,-07:00,2026-04-03T20:42:36-07:00,0,5
contact/index.html,44,html,d40133c0,kala4678,2026-04-03,20:42:36,-07:00,2026-04-03T20:42:36-07:00,0,5
